Datetime,GOLD_Adj Close,GOLD_Close,GOLD_High,GOLD_Low,GOLD_Open,GOLD_Volume,DXY_Adj Close,DXY_Close,DXY_High,DXY_Low,DXY_Open,DXY_Volume,VIX_Adj Close,VIX_Close,VIX_High,VIX_Low,VIX_Open,VIX_Volume,SP500_Adj Close,SP500_Close,SP500_High,SP500_Low,SP500_Open,SP500_Volume
2026-08-12 13:30:00+00:00,,,,,,,,,,,,,,,,,,,7750.47021484375,7750.47021484375,7766.009765625,7741.72021484375,7765.4599609375,0.0
2026-08-12 14:30:00+00:00,,,,,,,,,,,,,,,,,,,7745.66015625,7745.66015625,7753.93994140625,7737.9501953125,7750.580078125,288919983.0
2026-08-12 15:30:00+00:00,,,,,,,,,,,,,,,,,,,7747.31982421875,7747.31982421875,7749.1201171875,7738.080078125,7745.81005859375,227797073.0
2026-08-12 16:30:00+00:00,,,,,,,,,,,,,,,,,,,7751.080078125,7751.080078125,7755.6201171875,7744.68994140625,7747.2998046875,206393000.0
2026-08-12 17:30:00+00:00,,,,,,,,,,,,,,,,,,,7753.419921875,7753.419921875,7755.39990234375,7749.58984375,7751.2099609375,217011000.0
2026-08-12 18:30:00+00:00,,,,,,,,,,,,,,,,,,,7752.06005859375,7752.06005859375,7758.9501953125,7750.669921875,7753.4501953125,265386000.0
2026-08-12 19:30:00+00:00,,,,,,,,,,,,,,,,,,,7748.7099609375,7748.7099609375,7752.68994140625,7742.919921875,7752.10009765625,397337000.0
2026-08-13 13:30:00+00:00,,,,,,,,,,,,,,,,,,,7815.08984375,7815.08984375,7815.5400390625,7763.18017578125,7763.18017578125,0.0
2026-08-13 14:30:00+00:00,,,,,,,,,,,,,,,,,,,7784.2001953125,7784.2001953125,7816.7001953125,7782.35009765625,7814.8798828125,316110829.0
2026-08-13 15:30:00+00:00,,,,,,,,,,,,,,,,,,,7787.830078125,7787.830078125,7787.830078125,7776.919921875,7784.18017578125,239130526.0
2026-08-13 16:30:00+00:00,,,,,,,,,,,,,,,,,,,7794.02978515625,7794.02978515625,7797.4501953125,7785.02978515625,7787.7998046875,192690000.0
2026-08-13 17:30:00+00:00,,,,,,,,,,,,,,,,,,,7792.35009765625,7792.35009765625,7795.27001953125,7789.60986328125,7794.10009765625,197391000.0
2026-08-13 18:30:00+00:00,,,,,,,,,,,,,,,,,,,7802.56982421875,7802.56982421875,7806.919921875,7792.35986328125,7792.35986328125,302976000.0
2026-08-13 19:30:00+00:00,,,,,,,,,,,,,,,,,,,7798.85986328125,7798.85986328125,7804.85986328125,7796.259765625,7802.7001953125,418453000.0
2026-08-14 07:00:00+00:00,,,,,,,,,,,,,14.640000343322754,14.640000343322754,14.649999618530273,14.630000114440918,14.640000343322754,0.0,,,,,,
2026-08-14 08:00:00+00:00,,,,,,,,,,,,,14.579999923706055,14.579999923706055,14.649999618530273,14.579999923706055,14.640000343322754,0.0,,,,,,
2026-08-14 09:00:00+00:00,,,,,,,,,,,,,14.5600004196167,14.5600004196167,14.630000114440918,14.550000190734863,14.630000114440918,0.0,,,,,,
2026-08-14 10:00:00+00:00,,,,,,,,,,,,,14.5,14.5,14.59000015258789,14.5,14.59000015258789,0.0,,,,,,
2026-08-14 11:00:00+00:00,,,,,,,,,,,,,14.529999732971191,14.529999732971191,14.5600004196167,14.489999771118164,14.5600004196167,0.0,,,,,,
2026-08-14 12:00:00+00:00,,,,,,,,,,,,,14.520000457763672,14.520000457763672,14.5600004196167,14.479999542236328,14.529999732971191,0.0,,,,,,
2026-08-14 13:00:00+00:00,,,,,,,,,,,,,14.600000381469727,14.600000381469727,14.609999656677246,14.460000038146973,14.5,0.0,,,,,,
2026-08-14 13:30:00+00:00,,,,,,,,,,,,,,,,,,,7795.330078125,7795.330078125,7810.009765625,7792.41015625,7806.60009765625,0.0
2026-08-14 14:00:00+00:00,,,,,,,,,,,,,14.489999771118164,14.489999771118164,14.65999984741211,14.460000038146973,14.520000457763672,0.0,,,,,,
2026-08-14 14:30:00+00:00,,,,,,,,,,,,,,,,,,,7784.39990234375,7784.39990234375,7796.08984375,7780.080078125,7795.490234375,252568689.0
2026-08-14 15:00:00+00:00,,,,,,,,,,,,,14.5600004196167,14.5600004196167,14.720000267028809,14.460000038146973,14.600000381469727,0.0,,,,,,
2026-08-14 15:30:00+00:00,,,,,,,,,,,,,,,,,,,7788.6298828125,7788.6298828125,7789.6201171875,7779.89990234375,7784.2998046875,211671527.0
2026-08-14 16:00:00+00:00,,,,,,,,,,,,,14.449999809265137,14.449999809265137,14.720000267028809,14.430000305175781,14.539999961853027,0.0,,,,,,
2026-08-14 16:30:00+00:00,,,,,,,,,,,,,,,,,,,7779.08984375,7779.08984375,7788.7099609375,7778.02978515625,7788.64013671875,153330152.0
2026-08-14 17:00:00+00:00,,,,,,,,,,,,,14.3100004196167,14.3100004196167,14.5,14.3100004196167,14.460000038146973,0.0,,,,,,
2026-08-14 17:30:00+00:00,,,,,,,,,,,,,,,,,,,7780.8798828125,7780.8798828125,7784.669921875,7776.31005859375,7779.02001953125,172868000.0
2026-08-14 18:00:00+00:00,,,,,,,,,,,,,14.350000381469727,14.350000381469727,14.369999885559082,14.279999732971191,14.329999923706055,0.0,,,,,,
2026-08-14 18:30:00+00:00,,,,,,,,,,,,,,,,,,,7783.330078125,7783.330078125,7786.4501953125,7779.89990234375,7780.8798828125,201598000.0
2026-08-14 19:00:00+00:00,,,,,,,,,,,,,14.270000457763672,14.270000457763672,14.420000076293945,14.180000305175781,14.3100004196167,0.0,,,,,,
2026-08-14 19:30:00+00:00,,,,,,,,,,,,,,,,,,,7786.009765625,7786.009765625,7786.18017578125,7781.06005859375,7783.35986328125,352975000.0
2026-08-14 20:00:00+00:00,,,,,,,,,,,,,14.25,14.25,14.270000457763672,14.229999542236328,14.260000228881836,0.0,,,,,,
2026-08-17 07:00:00+00:00,,,,,,,,,,,,,14.9399995803833,14.9399995803833,15.0,14.930000305175781,14.979999542236328,0.0,,,,,,
2026-08-17 08:00:00+00:00,,,,,,,,,,,,,14.970000267028809,14.970000267028809,14.979999542236328,14.930000305175781,14.979999542236328,0.0,,,,,,
2026-08-17 09:00:00+00:00,,,,,,,,,,,,,14.979999542236328,14.979999542236328,14.979999542236328,14.90999984741211,14.949999809265137,0.0,,,,,,
2026-08-17 10:00:00+00:00,,,,,,,,,,,,,14.920000076293945,14.920000076293945,14.979999542236328,14.90999984741211,14.90999984741211,0.0,,,,,,
2026-08-17 11:00:00+00:00,,,,,,,,,,,,,14.920000076293945,14.920000076293945,14.970000267028809,14.890000343322754,14.949999809265137,0.0,,,,,,
2026-08-17 12:00:00+00:00,,,,,,,,,,,,,15.079999923706055,15.079999923706055,15.079999923706055,14.899999618530273,14.90999984741211,0.0,,,,,,
2026-08-17 13:00:00+00:00,,,,,,,,,,,,,14.989999771118164,14.989999771118164,15.109999656677246,14.960000038146973,15.020000457763672,0.0,,,,,,
2026-08-17 13:30:00+00:00,,,,,,,,,,,,,,,,,,,7774.47998046875,7774.47998046875,7790.68017578125,7771.009765625,7790.68017578125,0.0
2026-08-17 14:00:00+00:00,,,,,,,,,,,,,14.960000038146973,14.960000038146973,15.109999656677246,14.930000305175781,15.010000228881836,0.0,,,,,,
2026-08-17 14:30:00+00:00,,,,,,,,,,,,,,,,,,,7777.919921875,7777.919921875,7779.27978515625,7769.75,7774.580078125,285967933.0
2026-08-17 15:00:00+00:00,,,,,,,,,,,,,15.020000457763672,15.020000457763672,15.0600004196167,14.930000305175781,15.029999732971191,0.0,,,,,,
2026-08-17 15:30:00+00:00,,,,,,,,,,,,,,,,,,,7773.56005859375,7773.56005859375,7778.60009765625,7768.22998046875,7777.97998046875,212308952.0
2026-08-17 16:00:00+00:00,,,,,,,,,,,,,15.1899995803833,15.1899995803833,15.199999809265137,14.9399995803833,14.9399995803833,0.0,,,,,,
2026-08-17 16:30:00+00:00,,,,,,,,,,,,,,,,,,,7756.39990234375,7756.39990234375,7774.39990234375,7755.509765625,7773.419921875,195472043.0
2026-08-17 17:00:00+00:00,,,,,,,,,,,,,15.15999984741211,15.15999984741211,15.470000267028809,15.020000457763672,15.020000457763672,0.0,,,,,,
2026-08-17 17:30:00+00:00,,,,,,,,,,,,,,,,,,,7756.47998046875,7756.47998046875,7758.990234375,7751.830078125,7756.27978515625,203575000.0
2026-08-17 18:00:00+00:00,,,,,,,,,,,,,15.1899995803833,15.1899995803833,15.470000267028809,15.0600004196167,15.460000038146973,0.0,,,,,,
2026-08-17 18:30:00+00:00,,,,,,,,,,,,,,,,,,,7751.72998046875,7751.72998046875,7758.81982421875,7751.60986328125,7756.47021484375,239328000.0
2026-08-17 19:00:00+00:00,,,,,,,,,,,,,15.170000076293945,15.170000076293945,15.300000190734863,15.09000015258789,15.09000015258789,0.0,,,,,,
2026-08-17 19:30:00+00:00,,,,,,,,,,,,,,,,,,,7746.14013671875,7746.14013671875,7753.14013671875,7744.8798828125,7751.60986328125,384176000.0
2026-08-17 20:00:00+00:00,,,,,,,,,,,,,15.1899995803833,15.1899995803833,15.210000038146973,15.180000305175781,15.180000305175781,0.0,,,,,,
2026-08-18 07:00:00+00:00,,,,,,,,,,,,,15.970000267028809,15.970000267028809,15.970000267028809,15.800000190734863,15.8100004196167,0.0,,,,,,
2026-08-18 08:00:00+00:00,,,,,,,,,,,,,15.850000381469727,15.850000381469727,16.09000015258789,15.84000015258789,15.850000381469727,0.0,,,,,,
2026-08-18 09:00:00+00:00,,,,,,,,,,,,,15.9399995803833,15.9399995803833,16.040000915527344,15.84000015258789,16.0,0.0,,,,,,
2026-08-18 10:00:00+00:00,,,,,,,,,,,,,15.779999732971191,15.779999732971191,16.040000915527344,15.760000228881836,15.960000038146973,0.0,,,,,,
2026-08-18 11:00:00+00:00,,,,,,,,,,,,,15.6899995803833,15.6899995803833,15.90999984741211,15.680000305175781,15.90999984741211,0.0,,,,,,
2026-08-18 12:00:00+00:00,,,,,,,,,,,,,15.75,15.75,15.789999961853027,15.640000343322754,15.729999542236328,0.0,,,,,,
2026-08-18 13:00:00+00:00,,,,,,,,,,,,,15.800000190734863,15.800000190734863,15.859999656677246,15.680000305175781,15.6899995803833,0.0,,,,,,
2026-08-18 13:30:00+00:00,,,,,,,,,,,,,,,,,,,7706.97021484375,7706.97021484375,7713.9501953125,7696.16015625,7700.0400390625,0.0
2026-08-18 14:00:00+00:00,,,,,,,,,,,,,15.84000015258789,15.84000015258789,15.890000343322754,15.609999656677246,15.800000190734863,0.0,,,,,,
2026-08-18 14:30:00+00:00,,,,,,,,,,,,,,,,,,,7698.93017578125,7698.93017578125,7712.10009765625,7693.89013671875,7706.66015625,312578891.0
2026-08-18 15:00:00+00:00,,,,,,,,,,,,,15.75,15.75,15.930000305175781,15.609999656677246,15.760000228881836,0.0,,,,,,
2026-08-18 15:30:00+00:00,,,,,,,,,,,,,,,,,,,7702.22998046875,7702.22998046875,7708.47998046875,7695.91015625,7698.77978515625,209169771.0
2026-08-18 16:00:00+00:00,,,,,,,,,,,,,15.649999618530273,15.649999618530273,15.920000076293945,15.619999885559082,15.890000343322754,0.0,,,,,,
2026-08-18 16:30:00+00:00,,,,,,,,,,,,,,,,,,,7702.990234375,7702.990234375,7708.990234375,7700.77001953125,7702.2001953125,176755000.0
2026-08-18 17:00:00+00:00,,,,,,,,,,,,,15.75,15.75,15.75,15.630000114440918,15.710000038146973,0.0,,,,,,
2026-08-18 17:30:00+00:00,,,,,,,,,,,,,,,,,,,7703.72998046875,7703.72998046875,7705.419921875,7694.27978515625,7703.10986328125,204404000.0
2026-08-18 18:00:00+00:00,,,,,,,,,,,,,15.680000305175781,15.680000305175781,15.779999732971191,15.630000114440918,15.699999809265137,0.0,,,,,,
2026-08-18 18:30:00+00:00,,,,,,,,,,,,,,,,,,,7699.919921875,7699.919921875,7704.06005859375,7695.740234375,7703.72998046875,243914000.0
2026-08-18 19:00:00+00:00,,,,,,,,,,,,,15.84000015258789,15.84000015258789,15.84000015258789,15.600000381469727,15.649999618530273,0.0,,,,,,
2026-08-18 19:30:00+00:00,,,,,,,,,,,,,,,,,,,7693.259765625,7693.259765625,7701.740234375,7688.6298828125,7699.919921875,426002000.0
2026-08-18 20:00:00+00:00,,,,,,,,,,,,,15.84000015258789,15.84000015258789,15.869999885559082,15.8100004196167,15.819999694824219,0.0,,,,,,
2026-08-19 07:00:00+00:00,,,,,,,,,,,,,15.850000381469727,15.850000381469727,15.949999809265137,15.8100004196167,15.920000076293945,0.0,,,,,,
2026-08-19 08:00:00+00:00,,,,,,,,,,,,,15.829999923706055,15.829999923706055,15.90999984741211,15.800000190734863,15.899999618530273,0.0,,,,,,
2026-08-19 09:00:00+00:00,,,,,,,,,,,,,15.869999885559082,15.869999885559082,15.869999885559082,15.800000190734863,15.800000190734863,0.0,,,,,,
2026-08-19 10:00:00+00:00,,,,,,,,,,,,,15.819999694824219,15.819999694824219,15.890000343322754,15.8100004196167,15.859999656677246,0.0,,,,,,
2026-08-19 11:00:00+00:00,,,,,,,,,,,,,15.729999542236328,15.729999542236328,15.869999885559082,15.729999542236328,15.869999885559082,0.0,,,,,,
2026-08-19 12:00:00+00:00,,,,,,,,,,,,,15.470000267028809,15.470000267028809,15.800000190734863,15.350000381469727,15.760000228881836,0.0,,,,,,
2026-08-19 13:00:00+00:00,,,,,,,,,,,,,15.289999961853027,15.289999961853027,15.649999618530273,15.109999656677246,15.649999618530273,0.0,,,,,,
2026-08-19 13:30:00+00:00,,,,,,,,,,,,,,,,,,,7719.91015625,7719.91015625,7726.2900390625,7700.06982421875,7716.740234375,0.0
2026-08-19 14:00:00+00:00,,,,,,,,,,,,,15.130000114440918,15.130000114440918,15.569999694824219,15.119999885559082,15.270000457763672,0.0,,,,,,
2026-08-19 14:30:00+00:00,,,,,,,,,,,,,,,,,,,7730.31982421875,7730.31982421875,7743.93017578125,7718.169921875,7719.97998046875,362190394.0
2026-08-19 15:00:00+00:00,,,,,,,,,,,,,15.15999984741211,15.15999984741211,15.279999732971191,15.119999885559082,15.260000228881836,0.0,,,,,,
2026-08-19 15:30:00+00:00,,,,,,,,,,,,,,,,,,,7727.68994140625,7727.68994140625,7739.35986328125,7720.81005859375,7731.259765625,257001000.0
2026-08-19 16:00:00+00:00,,,,,,,,,,,,,15.239999771118164,15.239999771118164,15.279999732971191,15.069999694824219,15.180000305175781,0.0,,,,,,
2026-08-19 16:30:00+00:00,,,,,,,,,,,,,,,,,,,7715.31982421875,7715.31982421875,7727.10986328125,7710.31005859375,7727.10986328125,212676000.0
2026-08-19 17:00:00+00:00,,,,,,,,,,,,,15.210000038146973,15.210000038146973,15.279999732971191,15.149999618530273,15.15999984741211,0.0,,,,,,
2026-08-19 17:30:00+00:00,,,,,,,,,,,,,,,,,,,7715.39990234375,7715.39990234375,7724.5,7709.5400390625,7715.33984375,216956000.0
2026-08-19 18:00:00+00:00,,,,,,,,,,,,,15.029999732971191,15.029999732971191,15.279999732971191,15.020000457763672,15.229999542236328,0.0,,,,,,
2026-08-19 18:30:00+00:00,,,,,,,,,,,,,,,,,,,7716.14013671875,7716.14013671875,7720.22998046875,7713.93017578125,7715.41015625,285092000.0
2026-08-19 19:00:00+00:00,,,,,,,,,,,,,14.90999984741211,14.90999984741211,15.100000381469727,14.859999656677246,15.100000381469727,0.0,,,,,,
2026-08-19 19:30:00+00:00,,,,,,,,,,,,,,,,,,,7708.02978515625,7708.02978515625,7722.740234375,7701.25,7716.02978515625,432674000.0
2026-08-19 20:00:00+00:00,,,,,,,,,,,,,14.890000343322754,14.890000343322754,14.890000343322754,14.770000457763672,14.770000457763672,0.0,,,,,,
2026-08-20 04:00:00+00:00,4546.10009765625,4546.10009765625,4556.60009765625,4543.39990234375,4556.39990234375,0.0,98.86299896240234,98.86299896240234,98.87000274658203,98.79299926757812,98.80699920654297,0.0,,,,,,,,,,,,
2026-08-20 05:00:00+00:00,4538.5,4538.5,4551.39990234375,4534.7998046875,4546.0,3806.0,98.8479995727539,98.8479995727539,98.89600372314453,98.83699798583984,98.86199951171875,0.0,,,,,,,,,,,,
2026-08-20 06:00:00+00:00,4550.7998046875,4550.7998046875,4553.5,4537.2001953125,4538.60009765625,6024.0,98.73799896240234,98.73799896240234,98.86799621582031,98.73699951171875,98.8479995727539,0.0,,,,,,,,,,,,
2026-08-20 07:00:00+00:00,4547.60009765625,4547.60009765625,4552.7001953125,4540.10009765625,4550.60009765625,4873.0,98.71800231933594,98.71800231933594,98.81500244140625,98.70800018310547,98.73899841308594,0.0,15.079999923706055,15.079999923706055,15.079999923706055,14.90999984741211,14.90999984741211,0.0,,,,,,
2026-08-20 08:00:00+00:00,4546.10009765625,4546.10009765625,4555.89990234375,4543.89990234375,4547.89990234375,5530.0,98.6780014038086,98.6780014038086,98.74299621582031,98.66899871826172,98.71700286865234,0.0,15.229999542236328,15.229999542236328,15.300000190734863,14.949999809265137,14.949999809265137,0.0,,,,,,
2026-08-20 09:00:00+00:00,4538.89990234375,4538.89990234375,4551.0,4538.2001953125,4546.2001953125,4560.0,98.60199737548828,98.60199737548828,98.7030029296875,98.5739974975586,98.6780014038086,0.0,15.199999809265137,15.199999809265137,15.300000190734863,15.119999885559082,15.220000267028809,0.0,,,,,,
2026-08-20 10:00:00+00:00,4546.39990234375,4546.39990234375,4552.5,4537.0,4539.10009765625,4171.0,98.68099975585938,98.68099975585938,98.70099639892578,98.55699920654297,98.60099792480469,0.0,15.109999656677246,15.109999656677246,15.229999542236328,15.109999656677246,15.140000343322754,0.0,,,,,,
2026-08-20 11:00:00+00:00,4523.10009765625,4523.10009765625,4547.89990234375,4521.2001953125,4546.7001953125,10669.0,98.78199768066406,98.78199768066406,98.8010025024414,98.6729965209961,98.68000030517578,0.0,15.5600004196167,15.5600004196167,15.5600004196167,15.100000381469727,15.130000114440918,0.0,,,,,,
2026-08-20 12:00:00+00:00,4529.7001953125,4529.7001953125,4532.2998046875,4506.0,4523.2998046875,17523.0,98.7490005493164,98.7490005493164,98.84400177001953,98.73600006103516,98.78099822998047,0.0,15.829999923706055,15.829999923706055,16.079999923706055,15.289999961853027,15.34000015258789,0.0,,,,,,
2026-08-20 13:00:00+00:00,4537.0,4537.0,4544.39990234375,4524.10009765625,4529.7998046875,15951.0,98.85199737548828,98.85199737548828,98.85800170898438,98.69599914550781,98.75,0.0,15.859999656677246,15.859999656677246,16.079999923706055,15.489999771118164,15.979999542236328,0.0,,,,,,
2026-08-20 13:30:00+00:00,,,,,,,,,,,,,,,,,,,7681.1298828125,7681.1298828125,7697.2001953125,7672.47021484375,7690.490234375,0.0
2026-08-20 14:00:00+00:00,4571.7001953125,4571.7001953125,4572.0,4535.7998046875,4536.7998046875,18959.0,98.80500030517578,98.80500030517578,98.88999938964844,98.78600311279297,98.85099792480469,0.0,15.680000305175781,15.680000305175781,16.059999465942383,15.489999771118164,15.8100004196167,0.0,,,,,,
2026-08-20 14:30:00+00:00,,,,,,,,,,,,,,,,,,,7685.72998046875,7685.72998046875,7699.9599609375,7678.580078125,7681.0400390625,317244387.0
2026-08-20 15:00:00+00:00,4577.2998046875,4577.2998046875,4597.10009765625,4563.5,4571.7998046875,32802.0,98.83699798583984,98.83699798583984,98.89700317382812,98.71499633789062,98.80400085449219,0.0,15.899999618530273,15.899999618530273,15.949999809265137,15.579999923706055,15.829999923706055,0.0,,,,,,
2026-08-20 15:30:00+00:00,,,,,,,,,,,,,,,,,,,7676.39990234375,7676.39990234375,7687.06005859375,7671.14013671875,7686.0,237545658.0
2026-08-20 16:00:00+00:00,4566.7001953125,4566.7001953125,4580.7001953125,4559.2001953125,4577.5,8474.0,98.89199829101562,98.89199829101562,98.92900085449219,98.83100128173828,98.83599853515625,0.0,15.579999923706055,15.579999923706055,15.949999809265137,15.579999923706055,15.739999771118164,0.0,,,,,,
2026-08-20 16:30:00+00:00,,,,,,,,,,,,,,,,,,,7666.06982421875,7666.06982421875,7684.89013671875,7665.8798828125,7676.33984375,198522000.0
2026-08-20 17:00:00+00:00,4576.0,4576.0,4576.89990234375,4564.10009765625,4566.7001953125,6696.0,98.89399719238281,98.89399719238281,98.92500305175781,98.88200378417969,98.89399719238281,0.0,15.8100004196167,15.8100004196167,15.920000076293945,15.569999694824219,15.829999923706055,0.0,,,,,,
2026-08-20 17:30:00+00:00,,,,,,,,,,,,,,,,,,,7654.02001953125,7654.02001953125,7668.4599609375,7649.89990234375,7666.08984375,206909000.0
2026-08-20 18:00:00+00:00,4578.5,4578.5,4581.7001953125,4564.7001953125,4576.0,5540.0,98.8949966430664,98.8949966430664,98.93399810791016,98.88300323486328,98.89299774169922,0.0,16.100000381469727,16.100000381469727,16.100000381469727,15.779999732971191,15.850000381469727,0.0,,,,,,
2026-08-20 18:30:00+00:00,,,,,,,,,,,,,,,,,,,7653.22998046875,7653.22998046875,7656.31005859375,7650.3701171875,7653.97021484375,260173000.0
2026-08-20 19:00:00+00:00,4584.89990234375,4584.89990234375,4588.0,4574.7001953125,4578.2998046875,4191.0,98.88500213623047,98.88500213623047,98.91400146484375,98.87799835205078,98.89399719238281,0.0,16.049999237060547,16.049999237060547,16.139999389648438,15.9399995803833,15.989999771118164,0.0,,,,,,
2026-08-20 19:30:00+00:00,,,,,,,,,,,,,,,,,,,7642.2099609375,7642.2099609375,7654.68017578125,7639.009765625,7653.18994140625,412575000.0
2026-08-20 20:00:00+00:00,4575.10009765625,4575.10009765625,4585.2001953125,4573.0,4584.5,2026.0,98.87100219726562,98.87100219726562,98.8949966430664,98.86000061035156,98.88500213623047,0.0,16.010000228881836,16.010000228881836,16.049999237060547,15.960000038146973,15.989999771118164,0.0,,,,,,
2026-08-20 21:00:00+00:00,,,,,,,98.86799621582031,98.86799621582031,98.87899780273438,98.86000061035156,98.87000274658203,0.0,,,,,,,,,,,,
2026-08-20 22:00:00+00:00,4580.2001953125,4580.2001953125,4580.2001953125,4571.0,4577.0,0.0,98.84100341796875,98.84100341796875,98.86799621582031,98.83999633789062,98.86699676513672,0.0,,,,,,,,,,,,
2026-08-20 23:00:00+00:00,4582.2001953125,4582.2001953125,4589.0,4577.10009765625,4579.89990234375,3440.0,98.78800201416016,98.78800201416016,98.80400085449219,98.78600311279297,98.7979965209961,0.0,,,,,,,,,,,,
2026-08-21 00:00:00+00:00,4567.2001953125,4567.2001953125,4583.7001953125,4566.2998046875,4582.2998046875,3126.0,98.83100128173828,98.83100128173828,98.83499908447266,98.77100372314453,98.78800201416016,0.0,,,,,,,,,,,,
2026-08-21 01:00:00+00:00,4587.0,4587.0,4600.2998046875,4565.5,4567.2001953125,7141.0,98.76699829101562,98.76699829101562,98.83499908447266,98.74600219726562,98.83100128173828,0.0,,,,,,,,,,,,
2026-08-21 02:00:00+00:00,4590.0,4590.0,4599.2001953125,4574.0,4586.7998046875,5560.0,98.7300033569336,98.7300033569336,98.79000091552734,98.68800354003906,98.76699829101562,0.0,,,,,,,,,,,,
2026-08-21 03:00:00+00:00,4590.89990234375,4590.89990234375,4594.7001953125,4582.60009765625,4590.0,2465.0,98.74500274658203,98.74500274658203,98.76899719238281,98.71099853515625,98.72799682617188,0.0,,,,,,,,,,,,
2026-08-21 04:00:00+00:00,4596.7998046875,4596.7998046875,4604.39990234375,4591.2001953125,4591.5,4033.0,98.75599670410156,98.75599670410156,98.7750015258789,98.73400115966797,98.74700164794922,0.0,,,,,,,,,,,,
2026-08-21 05:00:00+00:00,4610.10009765625,4610.10009765625,4612.39990234375,4585.39990234375,4596.39990234375,5908.0,98.6989974975586,98.6989974975586,98.7760009765625,98.69100189208984,98.75499725341797,0.0,,,,,,,,,,,,
2026-08-21 06:00:00+00:00,4617.89990234375,4617.89990234375,4624.7001953125,4601.7998046875,4609.89990234375,9132.0,98.70999908447266,98.70999908447266,98.76799774169922,98.69999694824219,98.70099639892578,0.0,,,,,,,,,,,,
2026-08-21 07:00:00+00:00,4621.0,4621.0,4625.0,4615.39990234375,4617.7998046875,5890.0,98.75399780273438,98.75399780273438,98.77799987792969,98.68699645996094,98.71099853515625,0.0,15.850000381469727,15.850000381469727,15.850000381469727,15.770000457763672,15.819999694824219,0.0,,,,,,
2026-08-21 08:00:00+00:00,4641.0,4641.0,4642.0,4615.7998046875,4621.39990234375,10338.0,98.62100219726562,98.62100219726562,98.76899719238281,98.61799621582031,98.75399780273438,0.0,15.720000267028809,15.720000267028809,15.880000114440918,15.720000267028809,15.819999694824219,0.0,,,,,,
2026-08-21 09:00:00+00:00,4639.7001953125,4639.7001953125,4659.39990234375,4637.60009765625,4641.10009765625,13836.0,98.66200256347656,98.66200256347656,98.66200256347656,98.56199645996094,98.62000274658203,0.0,15.680000305175781,15.680000305175781,15.800000190734863,15.680000305175781,15.789999961853027,0.0,,,,,,
2026-08-21 10:00:00+00:00,4645.7998046875,4645.7998046875,4651.60009765625,4634.5,4639.39990234375,7281.0,98.65899658203125,98.65899658203125,98.6760025024414,98.58699798583984,98.66300201416016,0.0,15.670000076293945,15.670000076293945,15.75,15.630000114440918,15.729999542236328,0.0,,,,,,
2026-08-21 11:00:00+00:00,4654.39990234375,4654.39990234375,4661.7001953125,4644.2998046875,4645.5,7950.0,98.65499877929688,98.65499877929688,98.68699645996094,98.59100341796875,98.65799713134766,0.0,15.460000038146973,15.460000038146973,15.699999809265137,15.4399995803833,15.6899995803833,0.0,,,,,,
2026-08-21 12:00:00+00:00,4634.7001953125,4634.7001953125,4659.10009765625,4620.5,4654.7001953125,18190.0,98.72899627685547,98.72899627685547,98.77999877929688,98.63300323486328,98.65599822998047,0.0,15.420000076293945,15.420000076293945,15.520000457763672,15.40999984741211,15.489999771118164,0.0,,,,,,
2026-08-21 13:00:00+00:00,4638.2998046875,4638.2998046875,4650.2001953125,4630.0,4634.60009765625,15060.0,98.76899719238281,98.76899719238281,98.81600189208984,98.71900177001953,98.7300033569336,0.0,15.489999771118164,15.489999771118164,15.569999694824219,15.390000343322754,15.420000076293945,0.0,,,,,,
2026-08-21 13:30:00+00:00,,,,,,,,,,,,,,,,,,,7665.10009765625,7665.10009765625,7678.16015625,7660.830078125,7665.68017578125,0.0
2026-08-21 14:00:00+00:00,4648.10009765625,4648.10009765625,4660.2001953125,4636.5,4638.10009765625,17876.0,98.87899780273438,98.87899780273438,98.91100311279297,98.76899719238281,98.7699966430664,0.0,15.270000457763672,15.270000457763672,15.569999694824219,15.260000228881836,15.420000076293945,0.0,,,,,,
2026-08-21 14:30:00+00:00,,,,,,,,,,,,,,,,,,,7677.97021484375,7677.97021484375,7682.06982421875,7660.06005859375,7665.0400390625,308389238.0
2026-08-21 15:00:00+00:00,4672.0,4672.0,4673.0,4644.10009765625,4648.5,13380.0,98.802001953125,98.802001953125,98.89399719238281,98.7979965209961,98.87999725341797,0.0,15.380000114440918,15.380000114440918,15.5,15.229999542236328,15.420000076293945,0.0,,,,,,
2026-08-21 15:30:00+00:00,,,,,,,,,,,,,,,,,,,7683.41015625,7683.41015625,7697.10986328125,7677.27978515625,7677.97021484375,240507564.0
2026-08-21 16:00:00+00:00,4686.60009765625,4686.60009765625,4687.2001953125,4666.2998046875,4672.10009765625,10785.0,98.81300354003906,98.81300354003906,98.83200073242188,98.7750015258789,98.802001953125,0.0,15.3100004196167,15.3100004196167,15.399999618530273,15.239999771118164,15.25,0.0,,,,,,
2026-08-21 16:30:00+00:00,,,,,,,,,,,,,,,,,,,7677.009765625,7677.009765625,7684.1298828125,7675.64013671875,7683.509765625,198143000.0
2026-08-21 17:00:00+00:00,4678.7001953125,4678.7001953125,4690.39990234375,4673.39990234375,4686.7001953125,14697.0,98.81800079345703,98.81800079345703,98.8479995727539,98.79399871826172,98.81199645996094,0.0,15.239999771118164,15.239999771118164,15.34000015258789,15.210000038146973,15.3100004196167,0.0,,,,,,
2026-08-21 17:30:00+00:00,,,,,,,,,,,,,,,,,,,7671.64990234375,7671.64990234375,7677.22021484375,7671.43994140625,7676.89013671875,214828000.0
2026-08-21 18:00:00+00:00,4681.7998046875,4681.7998046875,4686.10009765625,4677.5,4679.0,4955.0,98.80000305175781,98.80000305175781,98.82099914550781,98.78800201416016,98.81700134277344,0.0,15.25,15.25,15.329999923706055,15.210000038146973,15.300000190734863,0.0,,,,,,
2026-08-21 18:30:00+00:00,,,,,,,,,,,,,,,,,,,7679.240234375,7679.240234375,7682.14013671875,7669.52001953125,7671.64013671875,229484000.0
2026-08-21 19:00:00+00:00,4674.7001953125,4674.7001953125,4683.10009765625,4673.0,4682.10009765625,4668.0,98.83200073242188,98.83200073242188,98.83799743652344,98.7969970703125,98.80000305175781,0.0,15.170000076293945,15.170000076293945,15.329999923706055,15.079999923706055,15.3100004196167,0.0,,,,,,
2026-08-21 19:30:00+00:00,,,,,,,,,,,,,,,,,,,7674.10009765625,7674.10009765625,7686.27978515625,7672.509765625,7679.02978515625,369478000.0
2026-08-21 20:00:00+00:00,4680.60009765625,4680.60009765625,4680.60009765625,4661.0,4674.60009765625,2580.0,98.83899688720703,98.83899688720703,98.85900115966797,98.82499694824219,98.83100128173828,0.0,15.130000114440918,15.130000114440918,15.170000076293945,15.130000114440918,15.15999984741211,0.0,,,,,,
2026-08-23 22:00:00+00:00,4663.10009765625,4663.10009765625,4679.10009765625,4663.0,4675.39990234375,2062.0,98.86699676513672,98.86699676513672,98.88700103759766,98.83599853515625,98.85600280761719,0.0,,,,,,,,,,,,
2026-08-23 23:00:00+00:00,4681.60009765625,4681.60009765625,4682.0,4661.89990234375,4663.5,3548.0,98.80799865722656,98.80799865722656,98.87200164794922,98.80799865722656,98.86699676513672,0.0,,,,,,,,,,,,
2026-08-24 00:00:00+00:00,4678.7998046875,4678.7998046875,4698.60009765625,4651.7998046875,4681.60009765625,9593.0,98.7750015258789,98.7750015258789,98.81199645996094,98.76200103759766,98.80799865722656,0.0,,,,,,,,,,,,
2026-08-24 01:00:00+00:00,4688.60009765625,4688.60009765625,4694.2998046875,4664.60009765625,4679.0,8902.0,98.81500244140625,98.81500244140625,98.86000061035156,98.76699829101562,98.77400207519531,0.0,,,,,,,,,,,,
2026-08-24 02:00:00+00:00,4700.39990234375,4700.39990234375,4713.7998046875,4684.2998046875,4688.7001953125,9983.0,98.81400299072266,98.81400299072266,98.83399963378906,98.78900146484375,98.81400299072266,0.0,,,,,,,,,,,,
2026-08-24 03:00:00+00:00,4698.2001953125,4698.2001953125,4707.0,4690.0,4700.39990234375,3505.0,98.83499908447266,98.83499908447266,98.8489990234375,98.81300354003906,98.81400299072266,0.0,,,,,,,,,,,,
2026-08-24 04:00:00+00:00,4695.2001953125,4695.2001953125,4699.0,4688.89990234375,4698.2001953125,2400.0,98.81199645996094,98.81199645996094,98.86900329589844,98.81199645996094,98.83399963378906,0.0,,,,,,,,,,,,
2026-08-24 05:00:00+00:00,4697.2998046875,4697.2998046875,4702.5,4685.5,4695.7998046875,4068.0,98.83300018310547,98.83300018310547,98.87100219726562,98.81199645996094,98.81199645996094,0.0,,,,,,,,,,,,
2026-08-24 06:00:00+00:00,4706.7001953125,4706.7001953125,4716.7001953125,4695.7998046875,4697.5,8329.0,98.8759994506836,98.8759994506836,98.89099884033203,98.83200073242188,98.83300018310547,0.0,,,,,,,,,,,,
2026-08-24 07:00:00+00:00,4697.39990234375,4697.39990234375,4711.0,4686.0,4706.39990234375,7294.0,98.96499633789062,98.96499633789062,98.98100280761719,98.8489990234375,98.87699890136719,0.0,15.949999809265137,15.949999809265137,15.949999809265137,15.869999885559082,15.899999618530273,0.0,,,,,,
2026-08-24 08:00:00+00:00,4693.5,4693.5,4702.0,4684.2001953125,4697.7998046875,7467.0,99.00499725341797,99.00499725341797,99.0250015258789,98.96199798583984,98.96499633789062,0.0,15.880000114440918,15.880000114440918,15.960000038146973,15.859999656677246,15.90999984741211,0.0,,,,,,
2026-08-24 09:00:00+00:00,4702.39990234375,4702.39990234375,4702.7001953125,4688.7998046875,4693.7001953125,7635.0,98.98799896240234,98.98799896240234,99.01599884033203,98.97200012207031,99.00499725341797,0.0,15.890000343322754,15.890000343322754,15.920000076293945,15.859999656677246,15.920000076293945,0.0,,,,,,
2026-08-24 10:00:00+00:00,4700.2998046875,4700.2998046875,4707.0,4698.60009765625,4702.39990234375,5452.0,99.00299835205078,99.00299835205078,99.01200103759766,98.96600341796875,98.98699951171875,0.0,15.949999809265137,15.949999809265137,15.970000267028809,15.880000114440918,15.920000076293945,0.0,,,,,,
2026-08-24 11:00:00+00:00,4715.0,4715.0,4728.2998046875,4696.2001953125,4700.10009765625,13924.0,98.97000122070312,98.97000122070312,99.01899719238281,98.91799926757812,99.00399780273438,0.0,15.899999618530273,15.899999618530273,16.049999237060547,15.850000381469727,15.930000305175781,0.0,,,,,,
2026-08-24 12:00:00+00:00,4720.7001953125,4720.7001953125,4726.89990234375,4702.0,4715.2001953125,10683.0,98.94599914550781,98.94599914550781,99.00800323486328,98.90599822998047,98.97000122070312,0.0,15.890000343322754,15.890000343322754,16.030000686645508,15.850000381469727,16.030000686645508,0.0,,,,,,
2026-08-24 13:00:00+00:00,4721.7998046875,4721.7998046875,4738.5,4713.2998046875,4720.89990234375,18757.0,98.96499633789062,98.96499633789062,98.9800033569336,98.9020004272461,98.94599914550781,0.0,15.869999885559082,15.869999885559082,16.059999465942383,15.75,15.869999885559082,0.0,,,,,,
2026-08-24 13:30:00+00:00,,,,,,,,,,,,,,,,,,,7647.669921875,7647.669921875,7663.4599609375,7638.169921875,7663.3798828125,0.0
2026-08-24 14:00:00+00:00,4727.60009765625,4727.60009765625,4736.10009765625,4712.0,4721.5,15969.0,98.98999786376953,98.98999786376953,98.99500274658203,98.927001953125,98.96499633789062,0.0,15.779999732971191,15.779999732971191,16.059999465942383,15.75,15.84000015258789,0.0,,,,,,
2026-08-24 14:30:00+00:00,,,,,,,,,,,,,,,,,,,7655.3798828125,7655.3798828125,7659.10986328125,7642.18017578125,7647.5498046875,278332921.0
2026-08-24 15:00:00+00:00,4706.0,4706.0,4737.0,4696.5,4727.7998046875,18113.0,98.99099731445312,98.99099731445312,99.0,98.92400360107422,98.98999786376953,0.0,15.720000267028809,15.720000267028809,15.90999984741211,15.720000267028809,15.90999984741211,0.0,,,,,,
2026-08-24 15:30:00+00:00,,,,,,,,,,,,,,,,,,,7667.10009765625,7667.10009765625,7670.2998046875,7652.81005859375,7655.35009765625,232010139.0
2026-08-24 16:00:00+00:00,4701.89990234375,4701.89990234375,4719.60009765625,4697.89990234375,4706.0,10523.0,98.98300170898438,98.98300170898438,99.00700378417969,98.9520034790039,98.99299621582031,0.0,15.670000076293945,15.670000076293945,15.789999961853027,15.619999885559082,15.770000457763672,0.0,,,,,,
2026-08-24 16:30:00+00:00,,,,,,,,,,,,,,,,,,,7652.02978515625,7652.02978515625,7667.919921875,7651.5498046875,7667.16015625,189649000.0
2026-08-24 17:00:00+00:00,4693.2998046875,4693.2998046875,4712.7001953125,4686.60009765625,4702.10009765625,15426.0,99.03299713134766,99.03299713134766,99.06300354003906,98.96900177001953,98.98300170898438,0.0,15.8100004196167,15.8100004196167,15.819999694824219,15.609999656677246,15.680000305175781,0.0,,,,,,
2026-08-24 17:30:00+00:00,,,,,,,,,,,,,,,,,,,7666.39013671875,7666.39013671875,7666.509765625,7648.83984375,7652.10986328125,193963000.0
2026-08-24 18:00:00+00:00,4693.0,4693.0,4699.0,4681.2001953125,4693.0,9639.0,99.00199890136719,99.00199890136719,99.052001953125,98.98799896240234,99.03299713134766,0.0,15.770000457763672,15.770000457763672,15.819999694824219,15.670000076293945,15.770000457763672,0.0,,,,,,
2026-08-24 18:30:00+00:00,,,,,,,,,,,,,,,,,,,7657.919921875,7657.919921875,7668.85986328125,7656.47021484375,7666.22998046875,222134000.0
2026-08-24 19:00:00+00:00,4707.5,4707.5,4712.10009765625,4692.2001953125,4692.7001953125,4546.0,99.01699829101562,99.01699829101562,99.03700256347656,98.99800109863281,99.00299835205078,0.0,15.850000381469727,15.850000381469727,15.890000343322754,15.670000076293945,15.680000305175781,0.0,,,,,,
2026-08-24 19:30:00+00:00,,,,,,,,,,,,,,,,,,,7652.81982421875,7652.81982421875,7660.64990234375,7650.93017578125,7657.759765625,355946000.0
2026-08-24 20:00:00+00:00,4710.0,4710.0,4711.5,4703.39990234375,4707.89990234375,3322.0,98.99199676513672,98.99199676513672,99.02300262451172,98.98999786376953,99.01599884033203,0.0,15.84000015258789,15.84000015258789,15.880000114440918,15.84000015258789,15.869999885559082,0.0,,,,,,
2026-08-24 21:00:00+00:00,,,,,,,98.98699951171875,98.98699951171875,99.00199890136719,98.97799682617188,98.99199676513672,0.0,,,,,,,,,,,,
2026-08-24 22:00:00+00:00,4724.5,4724.5,4725.60009765625,4708.39990234375,4710.10009765625,0.0,98.98400115966797,98.98400115966797,98.99199676513672,98.98400115966797,98.98600006103516,0.0,,,,,,,,,,,,
2026-08-24 23:00:00+00:00,4737.2001953125,4737.2001953125,4740.60009765625,4723.0,4724.60009765625,4225.0,98.96600341796875,98.96600341796875,98.98699951171875,98.96199798583984,98.98699951171875,0.0,,,,,,,,,,,,
2026-08-25 00:00:00+00:00,4741.0,4741.0,4755.0,4732.7001953125,4737.2998046875,7997.0,98.96700286865234,98.96700286865234,98.97899627685547,98.94499969482422,98.96600341796875,0.0,,,,,,,,,,,,
2026-08-25 01:00:00+00:00,4714.7001953125,4714.7001953125,4743.2998046875,4713.2001953125,4740.7998046875,9906.0,99.0199966430664,99.0199966430664,99.02899932861328,98.96600341796875,98.96800231933594,0.0,,,,,,,,,,,,
2026-08-25 02:00:00+00:00,4685.5,4685.5,4718.2998046875,4670.5,4714.5,14102.0,99.04299926757812,99.04299926757812,99.05500030517578,99.00399780273438,99.01899719238281,0.0,,,,,,,,,,,,
2026-08-25 03:00:00+00:00,4688.2998046875,4688.2998046875,4697.7001953125,4678.10009765625,4685.7001953125,4898.0,99.04499816894531,99.04499816894531,99.05799865722656,99.0260009765625,99.04199981689453,0.0,,,,,,,,,,,,
2026-08-25 04:00:00+00:00,4681.10009765625,4681.10009765625,4693.5,4679.5,4689.39990234375,2845.0,99.072998046875,99.072998046875,99.0790023803711,99.04100036621094,99.04299926757812,0.0,,,,,,,,,,,,
2026-08-25 05:00:00+00:00,4698.5,4698.5,4704.0,4679.2998046875,4681.2998046875,6460.0,99.08999633789062,99.08999633789062,99.09400177001953,99.06300354003906,99.0719985961914,0.0,,,,,,,,,,,,
2026-08-25 06:00:00+00:00,4694.60009765625,4694.60009765625,4709.60009765625,4693.0,4698.39990234375,4905.0,99.10700225830078,99.10700225830078,99.11799621582031,99.0479965209961,99.08899688720703,0.0,,,,,,,,,,,,
2026-08-25 07:00:00+00:00,4686.10009765625,4686.10009765625,4700.2998046875,4685.7998046875,4695.0,5734.0,99.06800079345703,99.06800079345703,99.10800170898438,99.02200317382812,99.10700225830078,0.0,15.800000190734863,15.800000190734863,15.8100004196167,15.6899995803833,15.710000038146973,0.0,,,,,,
2026-08-25 08:00:00+00:00,4685.7001953125,4685.7001953125,4702.0,4676.2998046875,4686.10009765625,7616.0,99.00399780273438,99.00399780273438,99.08599853515625,99.00199890136719,99.06800079345703,0.0,15.779999732971191,15.779999732971191,15.829999923706055,15.699999809265137,15.75,0.0,,,,,,
2026-08-25 09:00:00+00:00,4691.7001953125,4691.7001953125,4698.10009765625,4679.5,4685.7001953125,6280.0,98.97699737548828,98.97699737548828,99.01300048828125,98.94300079345703,99.00299835205078,0.0,15.829999923706055,15.829999923706055,15.850000381469727,15.710000038146973,15.760000228881836,0.0,,,,,,
2026-08-25 10:00:00+00:00,4695.0,4695.0,4698.2001953125,4688.10009765625,4691.60009765625,3230.0,99.02200317382812,99.02200317382812,99.04499816894531,98.97699737548828,98.97699737548828,0.0,15.8100004196167,15.8100004196167,15.880000114440918,15.710000038146973,15.770000457763672,0.0,,,,,,
2026-08-25 11:00:00+00:00,4698.39990234375,4698.39990234375,4703.5,4691.89990234375,4694.7998046875,4924.0,99.03600311279297,99.03600311279297,99.05000305175781,98.99600219726562,99.02200317382812,0.0,15.770000457763672,15.770000457763672,15.869999885559082,15.729999542236328,15.84000015258789,0.0,,,,,,
2026-08-25 12:00:00+00:00,4695.7001953125,4695.7001953125,4699.60009765625,4685.2998046875,4698.7001953125,8891.0,98.98999786376953,98.98999786376953,99.03500366210938,98.98999786376953,99.03500366210938,0.0,15.829999923706055,15.829999923706055,15.869999885559082,15.729999542236328,15.789999961853027,0.0,,,,,,
2026-08-25 13:00:00+00:00,4671.39990234375,4671.39990234375,4696.60009765625,4659.5,4696.2998046875,18693.0,98.9229965209961,98.9229965209961,99.00599670410156,98.9010009765625,98.99099731445312,0.0,15.859999656677246,15.859999656677246,15.869999885559082,15.130000114440918,15.770000457763672,0.0,,,,,,
2026-08-25 13:30:00+00:00,,,,,,,,,,,,,,,,,,,7664.9599609375,7664.9599609375,7686.10986328125,7664.9599609375,7676.66015625,0.0
2026-08-25 14:00:00+00:00,4691.60009765625,4691.60009765625,4696.0,4667.2998046875,4671.2998046875,16913.0,98.95899963378906,98.95899963378906,98.9800033569336,98.91100311279297,98.9219970703125,0.0,15.729999542236328,15.729999542236328,16.299999237060547,15.130000114440918,15.130000114440918,0.0,,,,,,
2026-08-25 14:30:00+00:00,,,,,,,,,,,,,,,,,,,7671.75,7671.75,7671.9501953125,7650.919921875,7664.93017578125,259694982.0
2026-08-25 15:00:00+00:00,4709.5,4709.5,4716.39990234375,4685.10009765625,4691.7998046875,13804.0,98.93099975585938,98.93099975585938,98.9800033569336,98.91600036621094,98.95999908447266,0.0,15.510000228881836,15.510000228881836,16.299999237060547,15.5,15.800000190734863,0.0,,,,,,
2026-08-25 15:30:00+00:00,,,,,,,,,,,,,,,,,,,7675.52978515625,7675.52978515625,7676.35009765625,7663.830078125,7671.52001953125,205269418.0
2026-08-25 16:00:00+00:00,4700.7998046875,4700.7998046875,4710.2001953125,4694.2998046875,4709.60009765625,9284.0,98.9530029296875,98.9530029296875,98.9739990234375,98.9260025024414,98.93099975585938,0.0,15.460000038146973,15.460000038146973,15.609999656677246,15.460000038146973,15.600000381469727,0.0,,,,,,
2026-08-25 16:30:00+00:00,,,,,,,,,,,,,,,,,,,7665.7998046875,7665.7998046875,7677.7001953125,7664.5,7675.47998046875,171444403.0
2026-08-25 17:00:00+00:00,4705.7998046875,4705.7998046875,4705.7998046875,4691.2998046875,4700.60009765625,7466.0,98.9209976196289,98.9209976196289,98.97200012207031,98.91799926757812,98.9530029296875,0.0,15.550000190734863,15.550000190734863,15.579999923706055,15.460000038146973,15.489999771118164,0.0,,,,,,
2026-08-25 17:30:00+00:00,,,,,,,,,,,,,,,,,,,7667.83984375,7667.83984375,7669.4599609375,7665.1201171875,7665.81005859375,191299000.0
2026-08-25 18:00:00+00:00,4711.39990234375,4711.39990234375,4711.7998046875,4701.7001953125,4705.7998046875,3703.0,98.91500091552734,98.91500091552734,99.00199890136719,98.90899658203125,98.91999816894531,0.0,15.449999809265137,15.449999809265137,15.579999923706055,15.4399995803833,15.569999694824219,0.0,,,,,,
2026-08-25 18:30:00+00:00,,,,,,,,,,,,,,,,,,,7670.0400390625,7670.0400390625,7676.6298828125,7666.89990234375,7667.85009765625,222861000.0
2026-08-25 19:00:00+00:00,4723.39990234375,4723.39990234375,4725.60009765625,4710.39990234375,4711.39990234375,7288.0,98.88500213623047,98.88500213623047,98.94400024414062,98.87200164794922,98.91500091552734,0.0,15.449999809265137,15.449999809265137,15.510000228881836,15.40999984741211,15.5,0.0,,,,,,
2026-08-25 19:30:00+00:00,,,,,,,,,,,,,,,,,,,7675.72998046875,7675.72998046875,7680.5400390625,7668.2001953125,7669.990234375,350962000.0
2026-08-25 20:00:00+00:00,4715.89990234375,4715.89990234375,4726.0,4714.10009765625,4723.2998046875,2964.0,98.91200256347656,98.91200256347656,98.91200256347656,98.86299896240234,98.88500213623047,0.0,15.449999809265137,15.449999809265137,15.489999771118164,15.430000305175781,15.430000305175781,0.0,,,,,,
2026-08-25 21:00:00+00:00,,,,,,,98.9209976196289,98.9209976196289,98.9219970703125,98.89099884033203,98.91100311279297,0.0,,,,,,,,,,,,
2026-08-25 22:00:00+00:00,4729.7001953125,4729.7001953125,4730.89990234375,4712.10009765625,4715.7001953125,0.0,98.9020004272461,98.9020004272461,98.9209976196289,98.9010009765625,98.9209976196289,0.0,,,,,,,,,,,,
2026-08-25 23:00:00+00:00,4712.10009765625,4712.10009765625,4730.60009765625,4710.2998046875,4729.7001953125,2587.0,98.91300201416016,98.91300201416016,98.9219970703125,98.91200256347656,98.9219970703125,0.0,,,,,,,,,,,,
2026-08-26 00:00:00+00:00,4694.2001953125,4694.2001953125,4715.2001953125,4691.10009765625,4711.89990234375,4918.0,98.9219970703125,98.9219970703125,98.93399810791016,98.89800262451172,98.91200256347656,0.0,,,,,,,,,,,,
2026-08-26 01:00:00+00:00,4713.7998046875,4713.7998046875,4717.7001953125,4686.2001953125,4694.60009765625,7488.0,98.9280014038086,98.9280014038086,98.94599914550781,98.90899658203125,98.9219970703125,0.0,,,,,,,,,,,,
2026-08-26 02:00:00+00:00,4715.2001953125,4715.2001953125,4728.0,4711.60009765625,4713.60009765625,4529.0,98.95500183105469,98.95500183105469,98.95899963378906,98.89900207519531,98.92900085449219,0.0,,,,,,,,,,,,
2026-08-26 03:00:00+00:00,4701.10009765625,4701.10009765625,4715.89990234375,4699.60009765625,4715.39990234375,3853.0,98.9729995727539,98.9729995727539,98.97599792480469,98.94400024414062,98.9540023803711,0.0,,,,,,,,,,,,
2026-08-26 04:00:00+00:00,4697.60009765625,4697.60009765625,4701.2001953125,4695.7001953125,4699.7998046875,1898.0,99.0,99.0,99.00499725341797,98.96700286865234,98.97000122070312,0.0,,,,,,,,,,,,
2026-08-26 05:00:00+00:00,4696.2998046875,4696.2998046875,4706.2998046875,4692.2001953125,4697.5,3455.0,98.9800033569336,98.9800033569336,99.01000213623047,98.95899963378906,99.0,0.0,,,,,,,,,,,,
2026-08-26 06:00:00+00:00,4690.60009765625,4690.60009765625,4698.0,4681.10009765625,4696.2001953125,4644.0,98.97799682617188,98.97799682617188,99.0270004272461,98.97599792480469,98.97899627685547,0.0,,,,,,,,,,,,
2026-08-26 07:00:00+00:00,4685.10009765625,4685.10009765625,4695.7001953125,4682.60009765625,4690.60009765625,4051.0,98.96099853515625,98.96099853515625,98.98100280761719,98.94200134277344,98.98100280761719,0.0,15.670000076293945,15.670000076293945,15.710000038146973,15.640000343322754,15.649999618530273,0.0,,,,,,
2026-08-26 08:00:00+00:00,4683.7001953125,4683.7001953125,4686.7001953125,4677.2998046875,4684.89990234375,3655.0,98.96700286865234,98.96700286865234,98.98100280761719,98.91899871826172,98.95999908447266,0.0,15.6899995803833,15.6899995803833,15.720000267028809,15.65999984741211,15.6899995803833,0.0,,,,,,
2026-08-26 09:00:00+00:00,4679.5,4679.5,4687.0,4671.2998046875,4684.0,5668.0,98.99299621582031,98.99299621582031,99.01100158691406,98.96700286865234,98.96700286865234,0.0,15.6899995803833,15.6899995803833,15.729999542236328,15.670000076293945,15.670000076293945,0.0,,,,,,
2026-08-26 10:00:00+00:00,4675.89990234375,4675.89990234375,4680.10009765625,4668.7998046875,4679.60009765625,3722.0,99.03399658203125,99.03399658203125,99.04100036621094,98.99199676513672,98.99299621582031,0.0,15.670000076293945,15.670000076293945,15.739999771118164,15.670000076293945,15.720000267028809,0.0,,,,,,
2026-08-26 11:00:00+00:00,4680.2998046875,4680.2998046875,4681.0,4672.10009765625,4676.2998046875,4055.0,98.98600006103516,98.98600006103516,99.04900360107422,98.98300170898438,99.03399658203125,0.0,15.670000076293945,15.670000076293945,15.739999771118164,15.600000381469727,15.720000267028809,0.0,,,,,,
2026-08-26 12:00:00+00:00,4669.5,4669.5,4690.0,4666.0,4680.60009765625,13147.0,99.1050033569336,99.1050033569336,99.1050033569336,98.93900299072266,98.98600006103516,0.0,15.720000267028809,15.720000267028809,15.739999771118164,15.569999694824219,15.640000343322754,0.0,,,,,,
2026-08-26 13:00:00+00:00,4686.60009765625,4686.60009765625,4687.0,4653.2998046875,4670.0,20169.0,99.13700103759766,99.13700103759766,99.13700103759766,99.08799743652344,99.1050033569336,0.0,15.449999809265137,15.449999809265137,15.739999771118164,15.430000305175781,15.569999694824219,0.0,,,,,,
2026-08-26 13:30:00+00:00,,,,,,,,,,,,,,,,,,,7669.4501953125,7669.4501953125,7688.35986328125,7662.89990234375,7666.8798828125,0.0
2026-08-26 14:00:00+00:00,4658.2001953125,4658.2001953125,4688.60009765625,4658.0,4686.7001953125,12459.0,99.21199798583984,99.21199798583984,99.23100280761719,99.13099670410156,99.13500213623047,0.0,15.430000305175781,15.430000305175781,15.640000343322754,15.420000076293945,15.640000343322754,0.0,,,,,,
2026-08-26 14:30:00+00:00,,,,,,,,,,,,,,,,,,,7676.60986328125,7676.60986328125,7682.5498046875,7667.58984375,7669.1201171875,255792815.0
2026-08-26 15:00:00+00:00,4651.39990234375,4651.39990234375,4664.60009765625,4638.2001953125,4658.5,19020.0,99.16600036621094,99.16600036621094,99.21499633789062,99.13600158691406,99.21199798583984,0.0,15.550000190734863,15.550000190734863,15.569999694824219,15.40999984741211,15.529999732971191,0.0,,,,,,
2026-08-26 15:30:00+00:00,,,,,,,,,,,,,,,,,,,7665.64013671875,7665.64013671875,7681.0400390625,7665.58984375,7676.52001953125,204402499.0
2026-08-26 16:00:00+00:00,4647.10009765625,4647.10009765625,4656.7998046875,4640.7998046875,4651.60009765625,11736.0,99.1780014038086,99.1780014038086,99.18499755859375,99.13400268554688,99.16699981689453,0.0,15.609999656677246,15.609999656677246,15.710000038146973,15.4399995803833,15.489999771118164,0.0,,,,,,
2026-08-26 16:30:00+00:00,,,,,,,,,,,,,,,,,,,7673.9501953125,7673.9501953125,7674.6201171875,7657.41015625,7665.759765625,169838494.0
2026-08-26 17:00:00+00:00,4653.2001953125,4653.2001953125,4657.60009765625,4645.89990234375,4647.10009765625,6138.0,99.15299987792969,99.15299987792969,99.18699645996094,99.13700103759766,99.1780014038086,0.0,15.40999984741211,15.40999984741211,15.710000038146973,15.390000343322754,15.619999885559082,0.0,,,,,,
2026-08-26 17:30:00+00:00,,,,,,,,,,,,,,,,,,,7674.3701171875,7674.3701171875,7677.72998046875,7671.60986328125,7673.93994140625,179620000.0
2026-08-26 18:00:00+00:00,4648.5,4648.5,4660.2998046875,4647.5,4653.10009765625,4792.0,99.16500091552734,99.16500091552734,99.1719970703125,99.13600158691406,99.1520004272461,0.0,15.350000381469727,15.350000381469727,15.449999809265137,15.350000381469727,15.4399995803833,0.0,,,,,,
2026-08-26 18:30:00+00:00,,,,,,,,,,,,,,,,,,,7686.47998046875,7686.47998046875,7690.72998046875,7673.669921875,7674.43994140625,229455000.0
2026-08-26 19:00:00+00:00,4648.89990234375,4648.89990234375,4656.2998046875,4645.7001953125,4648.7998046875,3508.0,99.14700317382812,99.14700317382812,99.17400360107422,99.14600372314453,99.16500091552734,0.0,15.390000343322754,15.390000343322754,15.449999809265137,15.270000457763672,15.4399995803833,0.0,,,,,,
2026-08-26 19:30:00+00:00,,,,,,,,,,,,,,,,,,,7676.2900390625,7676.2900390625,7688.7900390625,7672.81982421875,7686.4501953125,358106000.0
2026-08-26 20:00:00+00:00,4647.7998046875,4647.7998046875,4651.39990234375,4638.60009765625,4649.0,1738.0,99.14299774169922,99.14299774169922,99.16000366210938,99.12999725341797,99.14700317382812,0.0,15.210000038146973,15.210000038146973,15.34000015258789,15.210000038146973,15.34000015258789,0.0,,,,,,
2026-08-26 21:00:00+00:00,,,,,,,99.13800048828125,99.13800048828125,99.16200256347656,99.13300323486328,99.14399719238281,0.0,,,,,,,,,,,,
2026-08-26 22:00:00+00:00,4663.2998046875,4663.2998046875,4667.7001953125,4648.10009765625,4650.0,0.0,99.13400268554688,99.13400268554688,99.13800048828125,99.12799835205078,99.13700103759766,0.0,,,,,,,,,,,,
2026-08-26 23:00:00+00:00,4677.5,4677.5,4678.89990234375,4660.89990234375,4663.2001953125,3632.0,99.12200164794922,99.12200164794922,99.12899780273438,99.11599731445312,99.11799621582031,0.0,,,,,,,,,,,,
2026-08-27 00:00:00+00:00,4659.2001953125,4659.2001953125,4681.0,4654.5,4677.89990234375,4826.0,99.11299896240234,99.11299896240234,99.13099670410156,99.09600067138672,99.12200164794922,0.0,,,,,,,,,,,,
2026-08-27 01:00:00+00:00,4694.60009765625,4694.60009765625,4695.39990234375,4656.2001953125,4658.89990234375,7479.0,99.11299896240234,99.11299896240234,99.12799835205078,99.09600067138672,99.11299896240234,0.0,,,,,,,,,,,,
2026-08-27 02:00:00+00:00,4683.7001953125,4683.7001953125,4697.7001953125,4678.10009765625,4694.60009765625,5414.0,99.13700103759766,99.13700103759766,99.14900207519531,99.1050033569336,99.11399841308594,0.0,,,,,,,,,,,,
2026-08-27 03:00:00+00:00,4679.0,4679.0,4693.10009765625,4678.7998046875,4683.7998046875,2302.0,99.15299987792969,99.15299987792969,99.15599822998047,99.12999725341797,99.13700103759766,0.0,,,,,,,,,,,,
2026-08-27 04:00:00+00:00,4673.0,4673.0,4681.7998046875,4671.39990234375,4679.7001953125,2334.0,99.1449966430664,99.1449966430664,99.15399932861328,99.13700103759766,99.1510009765625,0.0,,,,,,,,,,,,
2026-08-27 05:00:00+00:00,4661.2001953125,4661.2001953125,4675.7998046875,4655.0,4673.2998046875,6017.0,99.1520004272461,99.1520004272461,99.16699981689453,99.12100219726562,99.14399719238281,0.0,,,,,,,,,,,,
2026-08-27 06:00:00+00:00,4654.2998046875,4654.2998046875,4665.7001953125,4651.7001953125,4661.0,6886.0,99.15599822998047,99.15599822998047,99.16999816894531,99.13800048828125,99.1510009765625,0.0,,,,,,,,,,,,
2026-08-27 07:00:00+00:00,4653.39990234375,4653.39990234375,4659.7001953125,4647.2001953125,4654.2998046875,4945.0,99.15499877929688,99.15499877929688,99.1729965209961,99.13099670410156,99.15499877929688,0.0,14.90999984741211,14.90999984741211,14.960000038146973,14.890000343322754,14.920000076293945,0.0,,,,,,
2026-08-27 08:00:00+00:00,4652.2998046875,4652.2998046875,4660.5,4647.89990234375,4654.0,3555.0,99.18800354003906,99.18800354003906,99.1969985961914,99.12200164794922,99.15499877929688,0.0,14.880000114440918,14.880000114440918,14.960000038146973,14.800000190734863,14.899999618530273,0.0,,,,,,
2026-08-27 09:00:00+00:00,4633.2001953125,4633.2001953125,4653.7998046875,4631.0,4652.2998046875,8946.0,99.24299621582031,99.24299621582031,99.25,99.18499755859375,99.18699645996094,0.0,14.899999618530273,14.899999618530273,14.979999542236328,14.800000190734863,14.800000190734863,0.0,,,,,,
2026-08-27 10:00:00+00:00,4643.0,4643.0,4643.60009765625,4618.89990234375,4632.89990234375,7616.0,99.24700164794922,99.24700164794922,99.25900268554688,99.18800354003906,99.24299621582031,0.0,14.930000305175781,14.930000305175781,14.979999542236328,14.859999656677246,14.899999618530273,0.0,,,,,,
2026-08-27 11:00:00+00:00,4652.2998046875,4652.2998046875,4653.7001953125,4640.2001953125,4643.10009765625,6869.0,99.22100067138672,99.22100067138672,99.26000213623047,99.2030029296875,99.24700164794922,0.0,14.970000267028809,14.970000267028809,15.0600004196167,14.869999885559082,14.960000038146973,0.0,,,,,,
2026-08-27 12:00:00+00:00,4639.2998046875,4639.2998046875,4654.7001953125,4633.7001953125,4652.0,8105.0,99.22100067138672,99.22100067138672,99.22799682617188,99.18599700927734,99.22000122070312,0.0,15.079999923706055,15.079999923706055,15.100000381469727,14.930000305175781,14.970000267028809,0.0,,,,,,
2026-08-27 13:00:00+00:00,4625.89990234375,4625.89990234375,4646.39990234375,4616.0,4639.2001953125,14123.0,99.11900329589844,99.11900329589844,99.22699737548828,99.06999969482422,99.22100067138672,0.0,14.890000343322754,14.890000343322754,15.130000114440918,14.8100004196167,14.930000305175781,0.0,,,,,,
2026-08-27 13:30:00+00:00,,,,,,,,,,,,,,,,,,,7714.14990234375,7714.14990234375,7716.89013671875,7689.89013671875,7710.33984375,0.0
2026-08-27 14:00:00+00:00,4645.10009765625,4645.10009765625,4652.0,4621.7001953125,4625.60009765625,13769.0,99.177001953125,99.177001953125,99.177001953125,99.08899688720703,99.12000274658203,0.0,14.5,14.5,15.130000114440918,14.489999771118164,15.020000457763672,0.0,,,,,,
2026-08-27 14:30:00+00:00,,,,,,,,,,,,,,,,,,,7720.4501953125,7720.4501953125,7728.97998046875,7708.31005859375,7714.4501953125,314349657.0
2026-08-27 15:00:00+00:00,4664.5,4664.5,4665.5,4642.7001953125,4645.0,7897.0,99.10399627685547,99.10399627685547,99.177001953125,99.0979995727539,99.1760025024414,0.0,14.5,14.5,14.609999656677246,14.4399995803833,14.569999694824219,0.0,,,,,,
2026-08-27 15:30:00+00:00,,,,,,,,,,,,,,,,,,,7727.009765625,7727.009765625,7727.16015625,7711.6201171875,7720.89990234375,234422334.0
2026-08-27 16:00:00+00:00,4669.2998046875,4669.2998046875,4670.89990234375,4656.5,4664.7001953125,6571.0,99.12200164794922,99.12200164794922,99.13700103759766,99.09600067138672,99.1050033569336,0.0,14.449999809265137,14.449999809265137,14.59000015258789,14.420000076293945,14.479999542236328,0.0,,,,,,
2026-08-27 16:30:00+00:00,,,,,,,,,,,,,,,,,,,7735.14013671875,7735.14013671875,7741.27001953125,7726.39013671875,7726.9501953125,213448000.0
2026-08-27 17:00:00+00:00,4660.39990234375,4660.39990234375,4670.7001953125,4659.10009765625,4669.2001953125,4833.0,99.15499877929688,99.15499877929688,99.16799926757812,99.10700225830078,99.12200164794922,0.0,14.619999885559082,14.619999885559082,14.6899995803833,14.420000076293945,14.449999809265137,0.0,,,,,,
2026-08-27 17:30:00+00:00,,,,,,,,,,,,,,,,,,,7712.3798828125,7712.3798828125,7738.490234375,7711.3798828125,7735.18017578125,212624000.0
2026-08-27 18:00:00+00:00,4664.2998046875,4664.2998046875,4665.2001953125,4654.7001953125,4660.60009765625,3361.0,99.15899658203125,99.15899658203125,99.18000030517578,99.1500015258789,99.15499877929688,0.0,14.649999618530273,14.649999618530273,14.760000228881836,14.609999656677246,14.630000114440918,0.0,,,,,,
2026-08-27 18:30:00+00:00,,,,,,,,,,,,,,,,,,,7717.68994140625,7717.68994140625,7721.1201171875,7710.169921875,7712.33984375,253077000.0
2026-08-27 19:00:00+00:00,4662.7001953125,4662.7001953125,4672.39990234375,4658.2998046875,4664.7001953125,3927.0,99.15299987792969,99.15299987792969,99.16999816894531,99.14399719238281,99.15899658203125,0.0,14.489999771118164,14.489999771118164,14.760000228881836,14.4399995803833,14.739999771118164,0.0,,,,,,
2026-08-27 19:30:00+00:00,,,,,,,,,,,,,,,,,,,7730.10986328125,7730.10986328125,7732.14013671875,7716.7001953125,7717.669921875,387252000.0
2026-08-27 20:00:00+00:00,4654.7998046875,4654.7998046875,4663.60009765625,4653.7998046875,4662.7998046875,1264.0,99.13300323486328,99.13300323486328,99.15399932861328,99.12999725341797,99.15299987792969,0.0,14.510000228881836,14.510000228881836,14.550000190734863,14.5,14.5,0.0,,,,,,
2026-08-27 21:00:00+00:00,,,,,,,99.12699890136719,99.12699890136719,99.1510009765625,99.11000061035156,99.13300323486328,0.0,,,,,,,,,,,,
2026-08-27 22:00:00+00:00,4664.10009765625,4664.10009765625,4664.10009765625,4653.89990234375,4656.0,0.0,99.12899780273438,99.12899780273438,99.12899780273438,99.11900329589844,99.12699890136719,0.0,,,,,,,,,,,,
2026-08-27 23:00:00+00:00,4647.60009765625,4647.60009765625,4664.7998046875,4647.2998046875,4664.0,2426.0,99.11000061035156,99.11000061035156,99.11399841308594,99.10299682617188,99.11399841308594,0.0,,,,,,,,,,,,
2026-08-28 00:00:00+00:00,4641.2001953125,4641.2001953125,4655.7001953125,4638.5,4647.7998046875,2843.0,99.11599731445312,99.11599731445312,99.13800048828125,99.10199737548828,99.10900115966797,0.0,,,,,,,,,,,,
2026-08-28 01:00:00+00:00,4628.89990234375,4628.89990234375,4655.39990234375,4628.10009765625,4642.39990234375,5299.0,99.1510009765625,99.1510009765625,99.15299987792969,99.10399627685547,99.11699676513672,0.0,,,,,,,,,,,,
2026-08-28 02:00:00+00:00,4638.89990234375,4638.89990234375,4642.39990234375,4628.0,4628.60009765625,2512.0,99.13800048828125,99.13800048828125,99.1709976196289,99.13700103759766,99.1510009765625,0.0,,,,,,,,,,,,
2026-08-28 03:00:00+00:00,4631.39990234375,4631.39990234375,4642.2998046875,4630.89990234375,4638.7001953125,1786.0,99.17400360107422,99.17400360107422,99.1760025024414,99.13300323486328,99.13800048828125,0.0,,,,,,,,,,,,
2026-08-28 04:00:00+00:00,4636.39990234375,4636.39990234375,4637.5,4630.0,4632.2998046875,1614.0,99.18199920654297,99.18199920654297,99.18699645996094,99.16899871826172,99.16999816894531,0.0,,,,,,,,,,,,
2026-08-28 05:00:00+00:00,4625.5,4625.5,4638.60009765625,4623.0,4636.7001953125,2952.0,99.18800354003906,99.18800354003906,99.2040023803711,99.177001953125,99.18199920654297,0.0,,,,,,,,,,,,
2026-08-28 06:00:00+00:00,4665.5,4665.5,4666.2001953125,4624.5,4625.7001953125,6108.0,99.14900207519531,99.14900207519531,99.19599914550781,99.14099884033203,99.18800354003906,0.0,,,,,,,,,,,,
2026-08-28 07:00:00+00:00,4665.0,4665.0,4667.39990234375,4648.7001953125,4665.39990234375,6239.0,99.17400360107422,99.17400360107422,99.20700073242188,99.14399719238281,99.14700317382812,0.0,14.550000190734863,14.550000190734863,14.579999923706055,14.520000457763672,14.569999694824219,0.0,,,,,,
2026-08-28 08:00:00+00:00,4656.2998046875,4656.2998046875,4667.7001953125,4654.2998046875,4664.89990234375,3772.0,99.19200134277344,99.19200134277344,99.20899963378906,99.16100311279297,99.17400360107422,0.0,14.5,14.5,14.579999923706055,14.470000267028809,14.5600004196167,0.0,,,,,,
2026-08-28 09:00:00+00:00,4658.7001953125,4658.7001953125,4661.39990234375,4653.5,4656.39990234375,2904.0,99.23500061035156,99.23500061035156,99.23500061035156,99.18900299072266,99.19200134277344,0.0,14.470000267028809,14.470000267028809,14.520000457763672,14.470000267028809,14.520000457763672,0.0,,,,,,
2026-08-28 10:00:00+00:00,4653.10009765625,4653.10009765625,4663.5,4650.2998046875,4658.7998046875,3350.0,99.15799713134766,99.15799713134766,99.23600006103516,99.15699768066406,99.23400115966797,0.0,14.479999542236328,14.479999542236328,14.5,14.460000038146973,14.489999771118164,0.0,,,,,,
2026-08-28 11:00:00+00:00,4645.60009765625,4645.60009765625,4654.2001953125,4643.60009765625,4653.10009765625,4445.0,99.19300079345703,99.19300079345703,99.1969985961914,99.15499877929688,99.15699768066406,0.0,14.489999771118164,14.489999771118164,14.5,14.449999809265137,14.470000267028809,0.0,,,,,,
2026-08-28 12:00:00+00:00,4654.10009765625,4654.10009765625,4656.39990234375,4641.2001953125,4645.60009765625,6831.0,99.16799926757812,99.16799926757812,99.23999786376953,99.16300201416016,99.19100189208984,0.0,14.449999809265137,14.449999809265137,14.5,14.40999984741211,14.460000038146973,0.0,,,,,,
2026-08-28 13:00:00+00:00,4657.5,4657.5,4680.7998046875,4645.89990234375,4654.2001953125,12968.0,99.1989974975586,99.1989974975586,99.23600006103516,99.16100311279297,99.16799926757812,0.0,14.529999732971191,14.529999732971191,14.600000381469727,14.40999984741211,14.40999984741211,0.0,,,,,,
2026-08-28 13:30:00+00:00,,,,,,,,,,,,,,,,,,,7730.3701171875,7730.3701171875,7748.25,7715.8701171875,7735.169921875,0.0
2026-08-28 14:00:00+00:00,4629.0,4629.0,4688.0,4580.2001953125,4657.39990234375,75096.0,99.41300201416016,99.41300201416016,99.59300231933594,99.0979995727539,99.21499633789062,0.0,14.229999542236328,14.229999542236328,14.6899995803833,14.170000076293945,14.449999809265137,0.0,,,,,,
2026-08-28 14:30:00+00:00,,,,,,,,,,,,,,,,,,,7767.919921875,7767.919921875,7771.47998046875,7728.169921875,7730.419921875,285651576.0
2026-08-28 15:00:00+00:00,4575.7001953125,4575.7001953125,4636.10009765625,4574.7998046875,4629.2998046875,34399.0,99.56400299072266,99.56400299072266,99.58000183105469,99.39099884033203,99.41400146484375,0.0,14.579999923706055,14.579999923706055,14.600000381469727,14.130000114440918,14.289999961853027,0.0,,,,,,
2026-08-28 15:30:00+00:00,,,,,,,,,,,,,,,,,,,7714.1201171875,7714.1201171875,7768.18017578125,7709.7900390625,7767.990234375,276137209.0
2026-08-28 16:00:00+00:00,4529.89990234375,4529.89990234375,4580.89990234375,4515.2998046875,4575.89990234375,44119.0,99.66400146484375,99.66400146484375,99.67900085449219,99.56300354003906,99.56400299072266,0.0,14.489999771118164,14.489999771118164,14.8100004196167,14.130000114440918,14.149999618530273,0.0,,,,,,
2026-08-28 16:30:00+00:00,,,,,,,,,,,,,,,,,,,7707.08984375,7707.08984375,7724.52978515625,7701.35009765625,7713.7900390625,239378000.0
2026-08-28 17:00:00+00:00,4519.7001953125,4519.7001953125,4537.2001953125,4510.5,4530.10009765625,20382.0,99.7040023803711,99.7040023803711,99.72599792480469,99.6449966430664,99.66500091552734,0.0,14.520000457763672,14.520000457763672,14.84000015258789,14.4399995803833,14.770000457763672,0.0,,,,,,
2026-08-28 17:30:00+00:00,,,,,,,,,,,,,,,,,,,7708.35986328125,7708.35986328125,7715.39990234375,7704.759765625,7706.7998046875,211250000.0
2026-08-28 18:00:00+00:00,4506.5,4506.5,4521.89990234375,4495.0,4519.7001953125,15598.0,99.7020034790039,99.7020034790039,99.7239990234375,99.68000030517578,99.70500183105469,0.0,14.569999694824219,14.569999694824219,14.6899995803833,14.470000267028809,14.680000305175781,0.0,,,,,,
2026-08-28 18:30:00+00:00,,,,,,,,,,,,,,,,,,,7712.56005859375,7712.56005859375,7713.47021484375,7700.91015625,7708.41015625,245976000.0
2026-08-28 19:00:00+00:00,4507.89990234375,4507.89990234375,4517.2001953125,4502.2998046875,4506.5,8303.0,99.6520004272461,99.6520004272461,99.70600128173828,99.64099884033203,99.7020034790039,0.0,14.390000343322754,14.390000343322754,14.649999618530273,14.350000381469727,14.59000015258789,0.0,,,,,,
2026-08-28 19:30:00+00:00,,,,,,,,,,,,,,,,,,,7709.89990234375,7709.89990234375,7716.14013671875,7707.740234375,7712.7001953125,380458000.0
2026-08-28 20:00:00+00:00,4529.89990234375,4529.89990234375,4529.89990234375,4502.7001953125,4507.89990234375,3151.0,99.677001953125,99.677001953125,99.70800018310547,99.6510009765625,99.6520004272461,0.0,14.420000076293945,14.420000076293945,14.420000076293945,14.359999656677246,14.359999656677246,0.0,,,,,,
2026-08-30 22:00:00+00:00,4510.89990234375,4510.89990234375,4515.89990234375,4502.2001953125,4506.2998046875,4311.0,99.6719970703125,99.6719970703125,99.71399688720703,99.66500091552734,99.7040023803711,0.0,,,,,,,,,,,,
2026-08-30 23:00:00+00:00,4507.7998046875,4507.7998046875,4516.60009765625,4485.2001953125,4510.7998046875,5649.0,99.64199829101562,99.64199829101562,99.68199920654297,99.63500213623047,99.6719970703125,0.0,,,,,,,,,,,,
2026-08-31 00:00:00+00:00,4505.7001953125,4505.7001953125,4521.5,4501.39990234375,4507.7998046875,5101.0,99.60399627685547,99.60399627685547,99.66400146484375,99.59200286865234,99.64099884033203,0.0,,,,,,,,,,,,
2026-08-31 01:00:00+00:00,4489.60009765625,4489.60009765625,4512.39990234375,4485.0,4505.7998046875,10236.0,99.59500122070312,99.59500122070312,99.64299774169922,99.56800079345703,99.60399627685547,0.0,,,,,,,,,,,,
2026-08-31 02:00:00+00:00,4472.2998046875,4472.2998046875,4490.7001953125,4445.60009765625,4489.10009765625,13543.0,99.58100128173828,99.58100128173828,99.61699676513672,99.57499694824219,99.59500122070312,0.0,,,,,,,,,,,,
2026-08-31 03:00:00+00:00,4472.0,4472.0,4483.60009765625,4469.5,4472.2998046875,4563.0,99.59700012207031,99.59700012207031,99.61000061035156,99.57099914550781,99.58100128173828,0.0,,,,,,,,,,,,
2026-08-31 04:00:00+00:00,4474.60009765625,4474.60009765625,4475.0,4462.5,4472.2998046875,3470.0,99.59300231933594,99.59300231933594,99.61199951171875,99.5780029296875,99.59100341796875,0.0,,,,,,,,,,,,
2026-08-31 05:00:00+00:00,4492.7001953125,4492.7001953125,4493.5,4469.2001953125,4474.60009765625,5005.0,99.60099792480469,99.60099792480469,99.625,99.58999633789062,99.59400177001953,0.0,,,,,,,,,,,,
2026-08-31 06:00:00+00:00,4489.39990234375,4489.39990234375,4493.0,4478.89990234375,4492.7001953125,4271.0,99.60800170898438,99.60800170898438,99.64099884033203,99.59100341796875,99.5999984741211,0.0,,,,,,,,,,,,
2026-08-31 07:00:00+00:00,4493.2998046875,4493.2998046875,4498.5,4485.0,4489.2001953125,4457.0,99.50399780273438,99.50399780273438,99.63500213623047,99.49800109863281,99.60800170898438,0.0,15.270000457763672,15.270000457763672,15.279999732971191,15.239999771118164,15.239999771118164,0.0,,,,,,
2026-08-31 08:00:00+00:00,4485.60009765625,4485.60009765625,4499.7001953125,4483.89990234375,4493.2998046875,3387.0,99.5739974975586,99.5739974975586,99.58100128173828,99.46600341796875,99.50399780273438,0.0,15.220000267028809,15.220000267028809,15.279999732971191,15.1899995803833,15.279999732971191,0.0,,,,,,
2026-08-31 09:00:00+00:00,4496.0,4496.0,4496.0,4485.7001953125,4485.7998046875,2925.0,99.53700256347656,99.53700256347656,99.572998046875,99.5250015258789,99.572998046875,0.0,15.210000038146973,15.210000038146973,15.239999771118164,15.15999984741211,15.220000267028809,0.0,,,,,,
2026-08-31 10:00:00+00:00,4504.5,4504.5,4506.7001953125,4495.2001953125,4495.89990234375,3859.0,99.5530014038086,99.5530014038086,99.55999755859375,99.51599884033203,99.53800201416016,0.0,15.210000038146973,15.210000038146973,15.239999771118164,15.15999984741211,15.170000076293945,0.0,,,,,,
2026-08-31 11:00:00+00:00,4506.2001953125,4506.2001953125,4514.89990234375,4503.10009765625,4504.60009765625,4497.0,99.5469970703125,99.5469970703125,99.56300354003906,99.49500274658203,99.55400085449219,0.0,15.300000190734863,15.300000190734863,15.300000190734863,15.180000305175781,15.220000267028809,0.0,,,,,,
2026-08-31 12:00:00+00:00,4486.89990234375,4486.89990234375,4511.89990234375,4486.5,4506.10009765625,10124.0,99.5719985961914,99.5719985961914,99.58999633789062,99.51699829101562,99.5459976196289,0.0,15.380000114440918,15.380000114440918,15.40999984741211,14.890000343322754,15.180000305175781,0.0,,,,,,
2026-08-31 13:00:00+00:00,4469.10009765625,4469.10009765625,4499.5,4466.39990234375,4486.7001953125,15197.0,99.53500366210938,99.53500366210938,99.58000183105469,99.51799774169922,99.5719985961914,0.0,15.270000457763672,15.270000457763672,15.479999542236328,15.239999771118164,15.329999923706055,0.0,,,,,,
2026-08-31 13:30:00+00:00,,,,,,,,,,,,,,,,,,,7667.009765625,7667.009765625,7697.52001953125,7665.06005859375,7697.52001953125,0.0
2026-08-31 14:00:00+00:00,4481.7001953125,4481.7001953125,4487.2001953125,4466.7001953125,4469.2998046875,12556.0,99.43099975585938,99.43099975585938,99.56600189208984,99.4020004272461,99.53600311279297,0.0,15.170000076293945,15.170000076293945,15.479999542236328,15.119999885559082,15.239999771118164,0.0,,,,,,
2026-08-31 14:30:00+00:00,,,,,,,,,,,,,,,,,,,7677.0400390625,7677.0400390625,7681.60986328125,7665.81005859375,7666.990234375,272852369.0
2026-08-31 15:00:00+00:00,4475.5,4475.5,4487.89990234375,4474.2998046875,4481.7001953125,7801.0,99.42500305175781,99.42500305175781,99.45899963378906,99.38999938964844,99.43000030517578,0.0,15.260000228881836,15.260000228881836,15.399999618530273,15.109999656677246,15.380000114440918,0.0,,,,,,
2026-08-31 15:30:00+00:00,,,,,,,,,,,,,,,,,,,7676.68017578125,7676.68017578125,7680.58984375,7668.0400390625,7677.2099609375,208799453.0
2026-08-31 16:00:00+00:00,4482.60009765625,4482.60009765625,4490.2998046875,4473.0,4475.89990234375,6076.0,99.41500091552734,99.41500091552734,99.43499755859375,99.40599822998047,99.4260025024414,0.0,15.149999618530273,15.149999618530273,15.279999732971191,15.109999656677246,15.15999984741211,0.0,,,,,,
2026-08-31 16:30:00+00:00,,,,,,,,,,,,,,,,,,,7672.39013671875,7672.39013671875,7678.06982421875,7669.580078125,7676.75,190515179.0
2026-08-31 17:00:00+00:00,4485.60009765625,4485.60009765625,4489.7001953125,4477.7998046875,4482.7998046875,6513.0,99.41799926757812,99.41799926757812,99.42900085449219,99.4010009765625,99.41400146484375,0.0,15.09000015258789,15.09000015258789,15.229999542236328,15.039999961853027,15.170000076293945,0.0,,,,,,
2026-08-31 17:30:00+00:00,,,,,,,,,,,,,,,,,,,7680.7998046875,7680.7998046875,7685.72998046875,7669.77001953125,7672.35009765625,209010000.0
2026-08-31 18:00:00+00:00,4480.2998046875,4480.2998046875,4486.10009765625,4475.5,4486.0,3311.0,99.4280014038086,99.4280014038086,99.43499755859375,99.40399932861328,99.41699981689453,0.0,15.069999694824219,15.069999694824219,15.220000267028809,15.029999732971191,15.1899995803833,0.0,,,,,,
2026-08-31 18:30:00+00:00,,,,,,,,,,,,,,,,,,,7683.60009765625,7683.60009765625,7684.580078125,7668.31982421875,7680.85986328125,267290000.0
2026-08-31 19:00:00+00:00,4502.0,4502.0,4502.7001953125,4478.39990234375,4480.7001953125,6601.0,99.4229965209961,99.4229965209961,99.43800354003906,99.40699768066406,99.4280014038086,0.0,14.890000343322754,14.890000343322754,15.199999809265137,14.859999656677246,15.039999961853027,0.0,,,,,,
2026-08-31 19:30:00+00:00,,,,,,,,,,,,,,,,,,,7684.3701171875,7684.3701171875,7696.330078125,7679.39013671875,7683.3798828125,469398000.0
2026-08-31 20:00:00+00:00,4497.2998046875,4497.2998046875,4504.89990234375,4495.89990234375,4502.2998046875,1759.0,99.41500091552734,99.41500091552734,99.44000244140625,99.41000366210938,99.42400360107422,0.0,14.920000076293945,14.920000076293945,15.100000381469727,14.869999885559082,15.100000381469727,0.0,,,,,,
2026-08-31 21:00:00+00:00,,,,,,,99.40499877929688,99.40499877929688,99.42500305175781,99.40399932861328,99.41500091552734,0.0,,,,,,,,,,,,
2026-08-31 22:00:00+00:00,4495.5,4495.5,4504.7998046875,4494.2998046875,4498.7001953125,0.0,99.41300201416016,99.41300201416016,99.41999816894531,99.40299987792969,99.40499877929688,0.0,,,,,,,,,,,,
2026-08-31 23:00:00+00:00,4501.0,4501.0,4501.0,4490.2998046875,4495.7998046875,1701.0,99.41100311279297,99.41100311279297,99.42400360107422,99.40899658203125,99.4209976196289,0.0,,,,,,,,,,,,
2026-09-01 00:00:00+00:00,4502.7001953125,4502.7001953125,4510.5,4495.0,4501.2998046875,3425.0,99.41400146484375,99.41400146484375,99.43099975585938,99.35299682617188,99.41000366210938,0.0,,,,,,,,,,,,
2026-09-01 01:00:00+00:00,4493.10009765625,4493.10009765625,4505.89990234375,4485.2001953125,4502.60009765625,3898.0,99.46700286865234,99.46700286865234,99.48999786376953,99.40899658203125,99.41400146484375,0.0,,,,,,,,,,,,
2026-09-01 02:00:00+00:00,4492.39990234375,4492.39990234375,4498.2001953125,4477.10009765625,4492.89990234375,4700.0,99.47200012207031,99.47200012207031,99.50399780273438,99.46700286865234,99.46800231933594,0.0,,,,,,,,,,,,
2026-09-01 03:00:00+00:00,4487.0,4487.0,4493.5,4480.89990234375,4492.7001953125,3688.0,99.50599670410156,99.50599670410156,99.50599670410156,99.47100067138672,99.47100067138672,0.0,,,,,,,,,,,,
2026-09-01 04:00:00+00:00,4475.2001953125,4475.2001953125,4486.7001953125,4473.89990234375,4485.7001953125,3959.0,99.50900268554688,99.50900268554688,99.53099822998047,99.49800109863281,99.50599670410156,0.0,,,,,,,,,,,,
2026-09-01 05:00:00+00:00,4489.0,4489.0,4494.7001953125,4471.89990234375,4475.39990234375,3790.0,99.48899841308594,99.48899841308594,99.50900268554688,99.47200012207031,99.50800323486328,0.0,,,,,,,,,,,,
2026-09-01 06:00:00+00:00,4478.0,4478.0,4489.10009765625,4476.2998046875,4488.5,3170.0,99.51799774169922,99.51799774169922,99.552001953125,99.48300170898438,99.48899841308594,0.0,,,,,,,,,,,,
2026-09-01 07:00:00+00:00,4468.7001953125,4468.7001953125,4483.60009765625,4460.5,4478.10009765625,7285.0,99.58300018310547,99.58300018310547,99.61000061035156,99.50199890136719,99.5199966430664,0.0,15.140000343322754,15.140000343322754,15.170000076293945,14.949999809265137,14.949999809265137,0.0,,,,,,
2026-09-01 08:00:00+00:00,4419.39990234375,4419.39990234375,4468.60009765625,4417.89990234375,4468.60009765625,17854.0,99.58100128173828,99.58100128173828,99.63200378417969,99.57499694824219,99.58300018310547,0.0,15.75,15.75,15.75,14.970000267028809,14.970000267028809,0.0,,,,,,
2026-09-01 09:00:00+00:00,4413.7001953125,4413.7001953125,4426.60009765625,4413.0,4419.39990234375,10482.0,99.59100341796875,99.59100341796875,99.59200286865234,99.53099822998047,99.5790023803711,0.0,15.880000114440918,15.880000114440918,15.960000038146973,15.489999771118164,15.550000190734863,0.0,,,,,,
2026-09-01 10:00:00+00:00,4426.89990234375,4426.89990234375,4434.60009765625,4413.0,4413.7001953125,7242.0,99.60700225830078,99.60700225830078,99.62000274658203,99.56800079345703,99.58999633789062,0.0,15.819999694824219,15.819999694824219,15.960000038146973,15.699999809265137,15.890000343322754,0.0,,,,,,
2026-09-01 11:00:00+00:00,4422.89990234375,4422.89990234375,4435.7001953125,4420.5,4427.0,6382.0,99.60900115966797,99.60900115966797,99.62899780273438,99.58000183105469,99.60700225830078,0.0,15.869999885559082,15.869999885559082,15.899999618530273,15.670000076293945,15.75,0.0,,,,,,
2026-09-01 12:00:00+00:00,4404.7001953125,4404.7001953125,4424.89990234375,4400.39990234375,4423.0,15235.0,99.60700225830078,99.60700225830078,99.64900207519531,99.59400177001953,99.60800170898438,0.0,15.880000114440918,15.880000114440918,15.970000267028809,15.670000076293945,15.8100004196167,0.0,,,,,,
2026-09-01 13:00:00+00:00,4413.89990234375,4413.89990234375,4415.89990234375,4374.10009765625,4404.60009765625,31866.0,99.5510025024414,99.5510025024414,99.64099884033203,99.5469970703125,99.60600280761719,0.0,15.789999961853027,15.789999961853027,16.059999465942383,15.729999542236328,15.819999694824219,0.0,,,,,,
2026-09-01 13:30:00+00:00,,,,,,,,,,,,,,,,,,,7653.7900390625,7653.7900390625,7656.5,7627.8701171875,7635.47021484375,0.0
2026-09-01 14:00:00+00:00,4408.7998046875,4408.7998046875,4424.2998046875,4401.5,4414.2001953125,16929.0,99.61000061035156,99.61000061035156,99.61799621582031,99.50299835205078,99.55000305175781,0.0,15.430000305175781,15.430000305175781,16.059999465942383,15.289999961853027,16.059999465942383,0.0,,,,,,
2026-09-01 14:30:00+00:00,,,,,,,,,,,,,,,,,,,7652.75,7652.75,7661.68994140625,7643.2900390625,7653.81005859375,298616456.0
2026-09-01 15:00:00+00:00,4421.7001953125,4421.7001953125,4422.7001953125,4403.39990234375,4409.10009765625,7955.0,99.63899993896484,99.63899993896484,99.66100311279297,99.59100341796875,99.61000061035156,0.0,15.25,15.25,15.529999732971191,15.199999809265137,15.420000076293945,0.0,,,,,,
2026-09-01 15:30:00+00:00,,,,,,,,,,,,,,,,,,,7641.8798828125,7641.8798828125,7663.6298828125,7639.60009765625,7652.89013671875,240494491.0
2026-09-01 16:00:00+00:00,4399.60009765625,4399.60009765625,4423.2998046875,4395.39990234375,4421.60009765625,11301.0,99.7040023803711,99.7040023803711,99.70500183105469,99.63099670410156,99.63800048828125,0.0,15.779999732971191,15.779999732971191,16.1299991607666,15.199999809265137,15.329999923706055,0.0,,,,,,
2026-09-01 16:30:00+00:00,,,,,,,,,,,,,,,,,,,7633.16015625,7633.16015625,7642.85009765625,7626.08984375,7641.990234375,213846000.0
2026-09-01 17:00:00+00:00,4391.10009765625,4391.10009765625,4400.2998046875,4389.0,4399.7998046875,9910.0,99.7040023803711,99.7040023803711,99.71399688720703,99.63999938964844,99.70500183105469,0.0,15.970000267028809,15.970000267028809,16.149999618530273,15.779999732971191,15.800000190734863,0.0,,,,,,
2026-09-01 17:30:00+00:00,,,,,,,,,,,,,,,,,,,7628.27978515625,7628.27978515625,7638.52978515625,7627.14013671875,7633.14013671875,241739000.0
2026-09-01 18:00:00+00:00,4379.39990234375,4379.39990234375,4392.7001953125,4375.60009765625,4391.2998046875,7744.0,99.677001953125,99.677001953125,99.72200012207031,99.6760025024414,99.70500183105469,0.0,16.3799991607666,16.3799991607666,16.799999237060547,15.880000114440918,16.059999465942383,0.0,,,,,,
2026-09-01 18:30:00+00:00,,,,,,,,,,,,,,,,,,,7630.2099609375,7630.2099609375,7632.1298828125,7611.2001953125,7628.3798828125,295990000.0
2026-09-01 19:00:00+00:00,4374.0,4374.0,4385.2001953125,4369.7001953125,4379.10009765625,7183.0,99.68699645996094,99.68699645996094,99.69999694824219,99.65899658203125,99.6760025024414,0.0,16.309999465942383,16.309999465942383,16.799999237060547,16.15999984741211,16.200000762939453,0.0,,,,,,
2026-09-01 19:30:00+00:00,,,,,,,,,,,,,,,,,,,7632.60009765625,7632.60009765625,7632.60009765625,7621.7998046875,7630.419921875,400983000.0
2026-09-01 20:00:00+00:00,4375.7001953125,4375.7001953125,4377.89990234375,4370.7001953125,4374.10009765625,4548.0,99.66400146484375,99.66400146484375,99.7020034790039,99.66200256347656,99.68499755859375,0.0,16.329999923706055,16.329999923706055,16.440000534057617,16.200000762939453,16.25,0.0,,,,,,
2026-09-01 21:00:00+00:00,,,,,,,99.66600036621094,99.66600036621094,99.68299865722656,99.66000366210938,99.66300201416016,0.0,,,,,,,,,,,,
2026-09-01 22:00:00+00:00,4375.7001953125,4375.7001953125,4381.0,4372.7001953125,4377.2001953125,0.0,99.65399932861328,99.65399932861328,99.66699981689453,99.65399932861328,99.66699981689453,0.0,,,,,,,,,,,,
2026-09-01 23:00:00+00:00,4370.60009765625,4370.60009765625,4382.0,4367.7001953125,4375.7001953125,3362.0,99.67900085449219,99.67900085449219,99.67900085449219,99.65899658203125,99.66500091552734,0.0,,,,,,,,,,,,
2026-09-02 00:00:00+00:00,4362.5,4362.5,4380.89990234375,4360.7001953125,4370.7001953125,8043.0,99.73500061035156,99.73500061035156,99.73500061035156,99.66500091552734,99.6780014038086,0.0,,,,,,,,,,,,
2026-09-02 01:00:00+00:00,4338.10009765625,4338.10009765625,4373.5,4333.89990234375,4362.10009765625,13479.0,99.77200317382812,99.77200317382812,99.78700256347656,99.72799682617188,99.73500061035156,0.0,,,,,,,,,,,,
2026-09-02 02:00:00+00:00,4350.0,4350.0,4362.10009765625,4334.60009765625,4337.7998046875,9310.0,99.7509994506836,99.7509994506836,99.7969970703125,99.74099731445312,99.77100372314453,0.0,,,,,,,,,,,,
2026-09-02 03:00:00+00:00,4348.7998046875,4348.7998046875,4351.39990234375,4329.2001953125,4350.0,8745.0,99.77100372314453,99.77100372314453,99.77899932861328,99.74199676513672,99.7509994506836,0.0,,,,,,,,,,,,
2026-09-02 04:00:00+00:00,4353.7001953125,4353.7001953125,4354.39990234375,4347.7998046875,4349.89990234375,2960.0,99.79199981689453,99.79199981689453,99.80400085449219,99.76399993896484,99.76599884033203,0.0,,,,,,,,,,,,
2026-09-02 05:00:00+00:00,4366.7001953125,4366.7001953125,4373.10009765625,4350.0,4353.89990234375,6139.0,99.7300033569336,99.7300033569336,99.80799865722656,99.71399688720703,99.79100036621094,0.0,,,,,,,,,,,,
2026-09-02 06:00:00+00:00,4368.2998046875,4368.2998046875,4375.89990234375,4361.2001953125,4366.7998046875,6159.0,99.79199981689453,99.79199981689453,99.79199981689453,99.66799926757812,99.72899627685547,0.0,,,,,,,,,,,,
2026-09-02 07:00:00+00:00,4369.7998046875,4369.7998046875,4377.7998046875,4365.7998046875,4368.39990234375,4423.0,99.73200225830078,99.73200225830078,99.81500244140625,99.70800018310547,99.79100036621094,0.0,16.459999084472656,16.459999084472656,16.510000228881836,16.34000015258789,16.389999389648438,0.0,,,,,,
2026-09-02 08:00:00+00:00,4359.60009765625,4359.60009765625,4378.39990234375,4359.10009765625,4370.10009765625,5127.0,99.79499816894531,99.79499816894531,99.7969970703125,99.70999908447266,99.73100280761719,0.0,16.729999542236328,16.729999542236328,16.790000915527344,16.360000610351562,16.3799991607666,0.0,,,,,,
2026-09-02 09:00:00+00:00,4355.89990234375,4355.89990234375,4369.2001953125,4352.2998046875,4359.60009765625,4822.0,99.8270034790039,99.8270034790039,99.83100128173828,99.76300048828125,99.7959976196289,0.0,16.75,16.75,16.809999465942383,16.43000030517578,16.479999542236328,0.0,,,,,,
2026-09-02 10:00:00+00:00,4356.60009765625,4356.60009765625,4359.7998046875,4349.10009765625,4355.89990234375,3611.0,99.8219985961914,99.8219985961914,99.86299896240234,99.81800079345703,99.8290023803711,0.0,16.670000076293945,16.670000076293945,16.81999969482422,16.649999618530273,16.690000534057617,0.0,,,,,,
2026-09-02 11:00:00+00:00,4379.60009765625,4379.60009765625,4380.2001953125,4354.89990234375,4356.2998046875,7567.0,99.76000213623047,99.76000213623047,99.8270034790039,99.7490005493164,99.822998046875,0.0,16.209999084472656,16.209999084472656,16.81999969482422,16.209999084472656,16.65999984741211,0.0,,,,,,
2026-09-02 12:00:00+00:00,4378.2998046875,4378.2998046875,4391.39990234375,4374.39990234375,4379.5,13593.0,99.76200103759766,99.76200103759766,99.77999877929688,99.69599914550781,99.76000213623047,0.0,16.31999969482422,16.31999969482422,16.440000534057617,15.9399995803833,16.43000030517578,0.0,,,,,,
2026-09-02 13:00:00+00:00,4433.0,4433.0,4433.5,4377.5,4378.2998046875,27934.0,99.44999694824219,99.44999694824219,99.76100158691406,99.43599700927734,99.76100158691406,0.0,15.800000190734863,15.800000190734863,16.31999969482422,15.800000190734863,16.100000381469727,0.0,,,,,,
2026-09-02 13:30:00+00:00,,,,,,,,,,,,,,,,,,,7669.85986328125,7669.85986328125,7672.22998046875,7633.6201171875,7634.580078125,0.0
2026-09-02 14:00:00+00:00,4424.2001953125,4424.2001953125,4444.39990234375,4421.39990234375,4432.89990234375,20892.0,99.5260009765625,99.5260009765625,99.58000183105469,99.447998046875,99.447998046875,0.0,15.539999961853027,15.539999961853027,16.139999389648438,15.329999923706055,16.110000610351562,0.0,,,,,,
2026-09-02 14:30:00+00:00,,,,,,,,,,,,,,,,,,,7680.1201171875,7680.1201171875,7681.0,7666.5400390625,7669.990234375,305169052.0
2026-09-02 15:00:00+00:00,4419.89990234375,4419.89990234375,4427.7998046875,4411.39990234375,4424.10009765625,10859.0,99.54100036621094,99.54100036621094,99.56099700927734,99.48500061035156,99.5250015258789,0.0,15.350000381469727,15.350000381469727,15.569999694824219,15.329999923706055,15.449999809265137,0.0,,,,,,
2026-09-02 15:30:00+00:00,,,,,,,,,,,,,,,,,,,7664.990234375,7664.990234375,7681.18994140625,7664.10009765625,7680.08984375,247790932.0
2026-09-02 16:00:00+00:00,4415.10009765625,4415.10009765625,4421.7001953125,4411.10009765625,4419.7001953125,5029.0,99.56900024414062,99.56900024414062,99.56900024414062,99.5199966430664,99.53900146484375,0.0,15.380000114440918,15.380000114440918,15.489999771118164,15.34000015258789,15.40999984741211,0.0,,,,,,
2026-09-02 16:30:00+00:00,,,,,,,,,,,,,,,,,,,7663.080078125,7663.080078125,7671.169921875,7660.93017578125,7665.10986328125,204291000.0
2026-09-02 17:00:00+00:00,4423.39990234375,4423.39990234375,4427.39990234375,4411.2001953125,4415.2001953125,7180.0,99.58200073242188,99.58200073242188,99.61299896240234,99.552001953125,99.56999969482422,0.0,15.25,15.25,15.449999809265137,15.239999771118164,15.449999809265137,0.0,,,,,,
2026-09-02 17:30:00+00:00,,,,,,,,,,,,,,,,,,,7669.6201171875,7669.6201171875,7676.740234375,7660.0400390625,7663.35009765625,233292000.0
2026-09-02 18:00:00+00:00,4420.2998046875,4420.2998046875,4426.2998046875,4415.89990234375,4423.7001953125,4613.0,99.59600067138672,99.59600067138672,99.60199737548828,99.55799865722656,99.58300018310547,0.0,15.220000267028809,15.220000267028809,15.399999618530273,15.15999984741211,15.369999885559082,0.0,,,,,,
2026-09-02 18:30:00+00:00,,,,,,,,,,,,,,,,,,,7671.25,7671.25,7671.47998046875,7662.47998046875,7669.56005859375,269846000.0
2026-09-02 19:00:00+00:00,4437.7001953125,4437.7001953125,4437.89990234375,4418.2998046875,4420.7998046875,4838.0,99.56500244140625,99.56500244140625,99.61499786376953,99.56300354003906,99.59400177001953,0.0,15.3100004196167,15.3100004196167,15.329999923706055,15.119999885559082,15.229999542236328,0.0,,,,,,
2026-09-02 19:30:00+00:00,,,,,,,,,,,,,,,,,,,7667.4501953125,7667.4501953125,7671.2900390625,7664.10986328125,7670.89013671875,399623000.0
2026-09-02 20:00:00+00:00,4434.2998046875,4434.2998046875,4438.2001953125,4430.60009765625,4437.39990234375,2245.0,99.55899810791016,99.55899810791016,99.56999969482422,99.53900146484375,99.56500244140625,0.0,15.229999542236328,15.229999542236328,15.279999732971191,15.199999809265137,15.279999732971191,0.0,,,,,,
2026-09-02 21:00:00+00:00,,,,,,,99.56099700927734,99.56099700927734,99.56600189208984,99.552001953125,99.55999755859375,0.0,,,,,,,,,,,,
2026-09-02 22:00:00+00:00,4429.7998046875,4429.7998046875,4438.10009765625,4428.39990234375,4436.39990234375,0.0,99.5770034790039,99.5770034790039,99.5780029296875,99.55500030517578,99.56199645996094,0.0,,,,,,,,,,,,
2026-09-02 23:00:00+00:00,4431.0,4431.0,4434.39990234375,4426.7001953125,4430.2001953125,1695.0,99.5989990234375,99.5989990234375,99.6050033569336,99.59600067138672,99.59600067138672,0.0,,,,,,,,,,,,
2026-09-03 00:00:00+00:00,4440.5,4440.5,4442.89990234375,4427.7998046875,4431.2001953125,3459.0,99.55000305175781,99.55000305175781,99.61199951171875,99.52400207519531,99.5989990234375,0.0,,,,,,,,,,,,
2026-09-03 01:00:00+00:00,4455.0,4455.0,4457.60009765625,4432.2001953125,4440.7998046875,9218.0,99.55500030517578,99.55500030517578,99.56300354003906,99.48100280761719,99.55000305175781,0.0,,,,,,,,,,,,
2026-09-03 02:00:00+00:00,4466.0,4466.0,4466.2001953125,4452.2001953125,4455.2001953125,5977.0,99.47699737548828,99.47699737548828,99.55699920654297,99.43900299072266,99.55400085449219,0.0,,,,,,,,,,,,
2026-09-03 03:00:00+00:00,4477.10009765625,4477.10009765625,4478.2001953125,4464.89990234375,4466.0,6171.0,99.41699981689453,99.41699981689453,99.4749984741211,99.39800262451172,99.4749984741211,0.0,,,,,,,,,,,,
2026-09-03 04:00:00+00:00,4483.0,4483.0,4483.89990234375,4470.7998046875,4477.2998046875,5124.0,99.41200256347656,99.41200256347656,99.43199920654297,99.36599731445312,99.41300201416016,0.0,,,,,,,,,,,,
2026-09-03 05:00:00+00:00,4477.0,4477.0,4486.0,4468.2001953125,4483.10009765625,8903.0,99.36000061035156,99.36000061035156,99.43299865722656,99.35900115966797,99.41100311279297,0.0,,,,,,,,,,,,
2026-09-03 06:00:00+00:00,4466.39990234375,4466.39990234375,4482.2001953125,4462.7998046875,4477.0,7623.0,99.30500030517578,99.30500030517578,99.38999938964844,99.26699829101562,99.36199951171875,0.0,,,,,,,,,,,,
2026-09-03 07:00:00+00:00,4474.7001953125,4474.7001953125,4477.5,4464.60009765625,4466.0,6351.0,99.27899932861328,99.27899932861328,99.32599639892578,99.16600036621094,99.30400085449219,0.0,15.1899995803833,15.1899995803833,15.319999694824219,15.149999618530273,15.25,0.0,,,,,,
2026-09-03 08:00:00+00:00,4481.10009765625,4481.10009765625,4490.0,4473.60009765625,4474.5,9719.0,99.21499633789062,99.21499633789062,99.3030014038086,99.1780014038086,99.27799987792969,0.0,15.210000038146973,15.210000038146973,15.300000190734863,15.079999923706055,15.25,0.0,,,,,,
2026-09-03 09:00:00+00:00,4473.89990234375,4473.89990234375,4488.2001953125,4472.0,4481.2998046875,7610.0,99.21399688720703,99.21399688720703,99.25900268554688,99.18399810791016,99.21299743652344,0.0,15.399999618530273,15.399999618530273,15.420000076293945,15.15999984741211,15.15999984741211,0.0,,,,,,
2026-09-03 10:00:00+00:00,4473.2001953125,4473.2001953125,4476.10009765625,4464.89990234375,4474.10009765625,4737.0,99.20999908447266,99.20999908447266,99.27100372314453,99.18499755859375,99.21499633789062,0.0,15.40999984741211,15.40999984741211,15.4399995803833,15.210000038146973,15.210000038146973,0.0,,,,,,
2026-09-03 11:00:00+00:00,4490.2001953125,4490.2001953125,4493.39990234375,4471.10009765625,4473.10009765625,6932.0,99.13500213623047,99.13500213623047,99.22599792480469,99.10199737548828,99.20899963378906,0.0,15.399999618530273,15.399999618530273,15.4399995803833,15.210000038146973,15.420000076293945,0.0,,,,,,
2026-09-03 12:00:00+00:00,4540.89990234375,4540.89990234375,4542.60009765625,4484.10009765625,4490.0,27504.0,98.98300170898438,98.98300170898438,99.1500015258789,98.947998046875,99.13500213623047,0.0,15.029999732971191,15.029999732971191,15.430000305175781,15.0,15.260000228881836,0.0,,,,,,
2026-09-03 13:00:00+00:00,4517.10009765625,4517.10009765625,4543.7001953125,4502.7998046875,4540.89990234375,25953.0,98.96900177001953,98.96900177001953,99.07099914550781,98.96900177001953,98.98400115966797,0.0,15.029999732971191,15.029999732971191,15.279999732971191,14.920000076293945,15.279999732971191,0.0,,,,,,
2026-09-03 13:30:00+00:00,,,,,,,,,,,,,,,,,,,7703.52001953125,7703.52001953125,7716.68994140625,7686.7099609375,7686.7099609375,0.0
2026-09-03 14:00:00+00:00,4531.89990234375,4531.89990234375,4531.89990234375,4502.89990234375,4517.10009765625,16310.0,99.02400207519531,99.02400207519531,99.10099792480469,98.96600341796875,98.97100067138672,0.0,14.890000343322754,14.890000343322754,15.100000381469727,14.890000343322754,14.960000038146973,0.0,,,,,,
2026-09-03 14:30:00+00:00,,,,,,,,,,,,,,,,,,,7745.68994140625,7745.68994140625,7745.83984375,7692.2099609375,7703.2998046875,319203595.0
2026-09-03 15:00:00+00:00,4540.7998046875,4540.7998046875,4558.5,4530.89990234375,4532.0,21907.0,98.96399688720703,98.96399688720703,99.0270004272461,98.94599914550781,99.02300262451172,0.0,14.649999618530273,14.649999618530273,15.010000228881836,14.649999618530273,14.9399995803833,0.0,,,,,,
2026-09-03 15:30:00+00:00,,,,,,,,,,,,,,,,,,,7741.009765625,7741.009765625,7749.68017578125,7738.91015625,7745.6298828125,238065070.0
2026-09-03 16:00:00+00:00,4533.7001953125,4533.7001953125,4543.39990234375,4533.0,4540.7001953125,5945.0,98.86299896240234,98.86299896240234,98.97899627685547,98.83100128173828,98.96399688720703,0.0,14.600000381469727,14.600000381469727,15.0,14.550000190734863,14.989999771118164,0.0,,,,,,
2026-09-03 16:30:00+00:00,,,,,,,,,,,,,,,,,,,7742.64013671875,7742.64013671875,7748.64013671875,7737.6201171875,7741.0498046875,204555000.0
2026-09-03 17:00:00+00:00,4535.7001953125,4535.7001953125,4542.0,4530.60009765625,4533.89990234375,7442.0,98.90899658203125,98.90899658203125,98.90899658203125,98.85600280761719,98.86499786376953,0.0,14.5,14.5,14.609999656677246,14.470000267028809,14.600000381469727,0.0,,,,,,
2026-09-03 17:30:00+00:00,,,,,,,,,,,,,,,,,,,7754.14013671875,7754.14013671875,7756.759765625,7742.56982421875,7742.6201171875,229151000.0
2026-09-03 18:00:00+00:00,4522.89990234375,4522.89990234375,4537.10009765625,4521.2001953125,4534.60009765625,6450.0,98.90799713134766,98.90799713134766,98.9280014038086,98.88400268554688,98.90799713134766,0.0,14.4399995803833,14.4399995803833,14.569999694824219,14.4399995803833,14.489999771118164,0.0,,,,,,
2026-09-03 18:30:00+00:00,,,,,,,,,,,,,,,,,,,7750.5498046875,7750.5498046875,7755.5400390625,7747.7099609375,7754.0498046875,260674000.0
2026-09-03 19:00:00+00:00,4522.89990234375,4522.89990234375,4528.7001953125,4520.2998046875,4522.7998046875,4938.0,98.96700286865234,98.96700286865234,99.01100158691406,98.90599822998047,98.90799713134766,0.0,14.279999732971191,14.279999732971191,14.529999732971191,14.279999732971191,14.529999732971191,0.0,,,,,,
2026-09-03 19:30:00+00:00,,,,,,,,,,,,,,,,,,,7747.7998046875,7747.7998046875,7752.0400390625,7744.25,7750.509765625,399806000.0
2026-09-03 20:00:00+00:00,4520.0,4520.0,4523.2998046875,4517.7001953125,4522.7001953125,1728.0,98.9990005493164,98.9990005493164,99.00199890136719,98.95800018310547,98.96700286865234,0.0,14.3100004196167,14.3100004196167,14.319999694824219,14.229999542236328,14.229999542236328,0.0,,,,,,
2026-09-03 21:00:00+00:00,4520.2998046875,4520.2998046875,4520.2998046875,4520.2998046875,4520.2998046875,1.0,99.0,99.0,99.00700378417969,98.98100280761719,98.9990005493164,0.0,,,,,,,,,,,,
2026-09-03 22:00:00+00:00,4521.60009765625,4521.60009765625,4526.2998046875,4518.5,4522.0,0.0,99.00299835205078,99.00299835205078,99.01000213623047,98.98999786376953,99.0,0.0,,,,,,,,,,,,
2026-09-03 23:00:00+00:00,4526.89990234375,4526.89990234375,4527.2001953125,4519.0,4521.5,2361.0,98.96600341796875,98.96600341796875,99.02899932861328,98.96399688720703,99.02899932861328,0.0,,,,,,,,,,,,
2026-09-04 00:00:00+00:00,4532.89990234375,4532.89990234375,4533.5,4519.2998046875,4527.0,2941.0,98.97599792480469,98.97599792480469,99.01200103759766,98.91600036621094,98.96600341796875,0.0,,,,,,,,,,,,
2026-09-04 01:00:00+00:00,4525.2001953125,4525.2001953125,4533.60009765625,4513.0,4532.60009765625,5656.0,98.96600341796875,98.96600341796875,99.0,98.95899963378906,98.97599792480469,0.0,,,,,,,,,,,,
2026-09-04 02:00:00+00:00,4523.7998046875,4523.7998046875,4528.89990234375,4516.2998046875,4525.2998046875,3537.0,99.00299835205078,99.00299835205078,99.01100158691406,98.93699645996094,98.96499633789062,0.0,,,,,,,,,,,,
2026-09-04 03:00:00+00:00,4513.7998046875,4513.7998046875,4525.0,4513.60009765625,4523.5,1781.0,99.05799865722656,99.05799865722656,99.06900024414062,98.98999786376953,99.00199890136719,0.0,,,,,,,,,,,,
2026-09-04 04:00:00+00:00,4520.39990234375,4520.39990234375,4521.5,4511.60009765625,4513.10009765625,2177.0,99.02999877929688,99.02999877929688,99.05899810791016,99.01699829101562,99.05699920654297,0.0,,,,,,,,,,,,
2026-09-04 05:00:00+00:00,4518.2001953125,4518.2001953125,4523.89990234375,4512.7998046875,4520.2998046875,4261.0,99.01799774169922,99.01799774169922,99.0510025024414,99.01100158691406,99.02899932861328,0.0,,,,,,,,,,,,
2026-09-04 06:00:00+00:00,4509.5,4509.5,4519.5,4506.60009765625,4518.10009765625,4647.0,99.01599884033203,99.01599884033203,99.0260009765625,98.97899627685547,99.01899719238281,0.0,,,,,,,,,,,,
2026-09-04 07:00:00+00:00,4530.2998046875,4530.2998046875,4537.7998046875,4508.0,4509.2998046875,7045.0,99.05999755859375,99.05999755859375,99.0719985961914,99.00199890136719,99.01599884033203,0.0,14.15999984741211,14.15999984741211,14.170000076293945,14.130000114440918,14.149999618530273,0.0,,,,,,
2026-09-04 08:00:00+00:00,4524.2998046875,4524.2998046875,4533.60009765625,4521.0,4530.39990234375,3787.0,99.05799865722656,99.05799865722656,99.09100341796875,99.052001953125,99.05999755859375,0.0,14.199999809265137,14.199999809265137,14.199999809265137,14.130000114440918,14.130000114440918,0.0,,,,,,
2026-09-04 09:00:00+00:00,4511.7998046875,4511.7998046875,4525.7001953125,4510.0,4524.5,4836.0,99.125,99.125,99.13099670410156,99.05599975585938,99.05799865722656,0.0,14.229999542236328,14.229999542236328,14.25,14.15999984741211,14.170000076293945,0.0,,,,,,
2026-09-04 10:00:00+00:00,4518.89990234375,4518.89990234375,4523.10009765625,4511.60009765625,4511.7001953125,2424.0,99.08499908447266,99.08499908447266,99.12699890136719,99.06300354003906,99.125,0.0,14.15999984741211,14.15999984741211,14.25,14.140000343322754,14.25,0.0,,,,,,
2026-09-04 11:00:00+00:00,4513.10009765625,4513.10009765625,4519.2998046875,4510.89990234375,4519.2001953125,3470.0,99.0770034790039,99.0770034790039,99.09100341796875,99.0479965209961,99.08499908447266,0.0,14.119999885559082,14.119999885559082,14.199999809265137,14.079999923706055,14.1899995803833,0.0,,,,,,
2026-09-04 12:00:00+00:00,4440.60009765625,4440.60009765625,4523.5,4419.0,4513.2998046875,45018.0,99.1969985961914,99.1969985961914,99.39199829101562,99.01799774169922,99.07599639892578,0.0,14.15999984741211,14.15999984741211,14.329999923706055,13.800000190734863,14.130000114440918,0.0,,,,,,
2026-09-04 13:00:00+00:00,4459.89990234375,4459.89990234375,4481.7998046875,4412.0,4440.89990234375,32312.0,99.15299987792969,99.15299987792969,99.27999877929688,99.04000091552734,99.19599914550781,0.0,14.039999961853027,14.039999961853027,14.329999923706055,13.800000190734863,13.800000190734863,0.0,,,,,,
2026-09-04 13:30:00+00:00,,,,,,,,,,,,,,,,,,,7728.009765625,7728.009765625,7750.18994140625,7723.77978515625,7750.18994140625,0.0
2026-09-04 14:00:00+00:00,4474.2998046875,4474.2998046875,4489.39990234375,4458.7998046875,4460.0,17547.0,99.14299774169922,99.14299774169922,99.18399810791016,99.08399963378906,99.1520004272461,0.0,14.319999694824219,14.319999694824219,14.319999694824219,14.029999732971191,14.079999923706055,0.0,,,,,,
2026-09-04 14:30:00+00:00,,,,,,,,,,,,,,,,,,,7710.43994140625,7710.43994140625,7728.47021484375,7706.18017578125,7728.08984375,293414073.0
2026-09-04 15:00:00+00:00,4483.2998046875,4483.2998046875,4496.2001953125,4469.5,4474.39990234375,11986.0,99.11499786376953,99.11499786376953,99.16300201416016,99.06800079345703,99.14199829101562,0.0,14.079999923706055,14.079999923706055,14.359999656677246,14.069999694824219,14.069999694824219,0.0,,,,,,
2026-09-04 15:30:00+00:00,,,,,,,,,,,,,,,,,,,7722.259765625,7722.259765625,7726.830078125,7706.1201171875,7710.39013671875,225164262.0
2026-09-04 16:00:00+00:00,4483.60009765625,4483.60009765625,4491.0,4479.5,4483.7998046875,6089.0,99.1050033569336,99.1050033569336,99.11900329589844,99.06600189208984,99.11499786376953,0.0,14.079999923706055,14.079999923706055,14.239999771118164,13.930000305175781,14.180000305175781,0.0,,,,,,
2026-09-04 16:30:00+00:00,,,,,,,,,,,,,,,,,,,7714.16015625,7714.16015625,7728.759765625,7713.8798828125,7722.18994140625,186414000.0
2026-09-04 17:00:00+00:00,4464.0,4464.0,4488.0,4461.10009765625,4483.5,9254.0,99.15799713134766,99.15799713134766,99.16100311279297,99.09300231933594,99.0989990234375,0.0,14.199999809265137,14.199999809265137,14.260000228881836,13.930000305175781,14.020000457763672,0.0,,,,,,
2026-09-04 17:30:00+00:00,,,,,,,,,,,,,,,,,,,7714.06005859375,7714.06005859375,7715.31005859375,7706.990234375,7714.1298828125,188721000.0
2026-09-04 18:00:00+00:00,4471.2998046875,4471.2998046875,4474.5,4459.0,4464.7001953125,5254.0,99.1760025024414,99.1760025024414,99.19499969482422,99.1520004272461,99.15799713134766,0.0,14.010000228881836,14.010000228881836,14.260000228881836,14.0,14.130000114440918,0.0,,,,,,
2026-09-04 18:30:00+00:00,,,,,,,,,,,,,,,,,,,7715.580078125,7715.580078125,7719.35009765625,7711.64013671875,7714.14990234375,221051000.0
2026-09-04 19:00:00+00:00,4482.0,4482.0,4485.60009765625,4470.0,4471.60009765625,4751.0,99.1449966430664,99.1449966430664,99.18000030517578,99.13099670410156,99.177001953125,0.0,14.489999771118164,14.489999771118164,14.5,14.0,14.020000457763672,0.0,,,,,,
2026-09-04 19:30:00+00:00,,,,,,,,,,,,,,,,,,,7717.81005859375,7717.81005859375,7720.02978515625,7712.18994140625,7715.47998046875,386383000.0
2026-09-04 20:00:00+00:00,4476.60009765625,4476.60009765625,4482.2998046875,4475.60009765625,4481.7998046875,1799.0,99.15699768066406,99.15699768066406,99.1760025024414,99.13999938964844,99.1449966430664,0.0,14.520000457763672,14.520000457763672,14.579999923706055,14.5,14.5,0.0,,,,,,
2026-09-06 22:00:00+00:00,,,,,,,99.15799713134766,99.15799713134766,99.1780014038086,99.15399932861328,99.16999816894531,0.0,,,,,,,,,,,,
2026-09-06 23:00:00+00:00,,,,,,,99.15699768066406,99.15699768066406,99.15799713134766,99.125,99.15799713134766,0.0,,,,,,,,,,,,
2026-09-07 00:00:00+00:00,,,,,,,99.09300231933594,99.09300231933594,99.16600036621094,99.0770034790039,99.15499877929688,0.0,,,,,,,,,,,,
2026-09-07 01:00:00+00:00,,,,,,,99.14700317382812,99.14700317382812,99.1520004272461,99.09100341796875,99.09400177001953,0.0,,,,,,,,,,,,
2026-09-07 02:00:00+00:00,,,,,,,99.19400024414062,99.19400024414062,99.20899963378906,99.1449966430664,99.14800262451172,0.0,,,,,,,,,,,,
2026-09-07 03:00:00+00:00,,,,,,,99.16500091552734,99.16500091552734,99.1989974975586,99.15799713134766,99.19300079345703,0.0,,,,,,,,,,,,
2026-09-07 07:00:00+00:00,,,,,,,,,,,,,15.010000228881836,15.010000228881836,15.09000015258789,14.989999771118164,15.020000457763672,0.0,,,,,,
2026-09-07 08:00:00+00:00,,,,,,,,,,,,,15.029999732971191,15.029999732971191,15.09000015258789,14.989999771118164,15.050000190734863,0.0,,,,,,
2026-09-07 09:00:00+00:00,,,,,,,,,,,,,15.0600004196167,15.0600004196167,15.069999694824219,15.010000228881836,15.020000457763672,0.0,,,,,,
2026-09-07 10:00:00+00:00,,,,,,,,,,,,,15.130000114440918,15.130000114440918,15.130000114440918,15.020000457763672,15.0600004196167,0.0,,,,,,
2026-09-07 11:00:00+00:00,,,,,,,,,,,,,15.260000228881836,15.260000228881836,15.260000228881836,15.029999732971191,15.039999961853027,0.0,,,,,,
2026-09-07 12:00:00+00:00,,,,,,,,,,,,,15.180000305175781,15.180000305175781,15.270000457763672,15.149999618530273,15.220000267028809,0.0,,,,,,
2026-09-07 13:00:00+00:00,,,,,,,,,,,,,15.130000114440918,15.130000114440918,15.260000228881836,15.069999694824219,15.260000228881836,0.0,,,,,,
2026-09-07 14:00:00+00:00,,,,,,,,,,,,,15.260000228881836,15.260000228881836,15.260000228881836,15.069999694824219,15.09000015258789,0.0,,,,,,
2026-09-07 15:00:00+00:00,,,,,,,,,,,,,15.300000190734863,15.300000190734863,15.319999694824219,15.1899995803833,15.210000038146973,0.0,,,,,,
2026-09-08 04:00:00+00:00,4481.60009765625,4481.60009765625,4488.7998046875,4477.0,4483.5,2902.0,98.82599639892578,98.82599639892578,99.1760025024414,98.80699920654297,99.1760025024414,0.0,,,,,,,,,,,,
2026-09-08 05:00:00+00:00,4464.39990234375,4464.39990234375,4483.39990234375,4462.10009765625,4481.7001953125,4160.0,98.76699829101562,98.76699829101562,98.84400177001953,98.76699829101562,98.82499694824219,0.0,,,,,,,,,,,,
2026-09-08 06:00:00+00:00,4448.2998046875,4448.2998046875,4465.10009765625,4442.60009765625,4464.39990234375,6730.0,98.8740005493164,98.8740005493164,98.88099670410156,98.71600341796875,98.76799774169922,0.0,,,,,,,,,,,,
2026-09-08 07:00:00+00:00,4436.7001953125,4436.7001953125,4454.0,4434.2998046875,4448.60009765625,5481.0,98.93099975585938,98.93099975585938,98.96199798583984,98.85299682617188,98.87300109863281,0.0,15.800000190734863,15.800000190734863,15.819999694824219,15.550000190734863,15.5600004196167,0.0,,,,,,
2026-09-08 08:00:00+00:00,4438.5,4438.5,4443.0,4432.0,4436.60009765625,4596.0,98.99099731445312,98.99099731445312,99.0,98.90699768066406,98.93000030517578,0.0,15.90999984741211,15.90999984741211,15.9399995803833,15.579999923706055,15.579999923706055,0.0,,,,,,
2026-09-08 09:00:00+00:00,4447.2001953125,4447.2001953125,4450.10009765625,4435.0,4438.0,4513.0,98.93599700927734,98.93599700927734,98.99800109863281,98.9209976196289,98.98999786376953,0.0,15.510000228881836,15.510000228881836,15.9399995803833,15.510000228881836,15.84000015258789,0.0,,,,,,
2026-09-08 10:00:00+00:00,4439.89990234375,4439.89990234375,4451.60009765625,4438.0,4447.2998046875,4436.0,98.98400115966797,98.98400115966797,99.00800323486328,98.92900085449219,98.93599700927734,0.0,15.789999961853027,15.789999961853027,15.800000190734863,15.5,15.720000267028809,0.0,,,,,,
2026-09-08 11:00:00+00:00,4450.89990234375,4450.89990234375,4452.39990234375,4435.5,4440.2001953125,4220.0,98.95800018310547,98.95800018310547,99.01799774169922,98.91600036621094,98.98400115966797,0.0,15.649999618530273,15.649999618530273,15.869999885559082,15.609999656677246,15.619999885559082,0.0,,,,,,
2026-09-08 12:00:00+00:00,4456.10009765625,4456.10009765625,4456.2998046875,4429.5,4450.89990234375,12623.0,98.86100006103516,98.86100006103516,98.97899627685547,98.86000061035156,98.95800018310547,0.0,15.420000076293945,15.420000076293945,15.770000457763672,15.420000076293945,15.75,0.0,,,,,,
2026-09-08 13:00:00+00:00,4440.2998046875,4440.2998046875,4457.89990234375,4434.7001953125,4456.2998046875,11000.0,98.8479995727539,98.8479995727539,98.86599731445312,98.80500030517578,98.86000061035156,0.0,15.539999961853027,15.539999961853027,15.729999542236328,15.300000190734863,15.619999885559082,0.0,,,,,,
2026-09-08 13:30:00+00:00,,,,,,,,,,,,,,,,,,,7682.3701171875,7682.3701171875,7717.81005859375,7675.68994140625,7717.81005859375,0.0
2026-09-08 14:00:00+00:00,4443.39990234375,4443.39990234375,4449.0,4433.7001953125,4440.2998046875,10330.0,98.80699920654297,98.80699920654297,98.9020004272461,98.78900146484375,98.84700012207031,0.0,15.430000305175781,15.430000305175781,15.760000228881836,15.300000190734863,15.300000190734863,0.0,,,,,,
2026-09-08 14:30:00+00:00,,,,,,,,,,,,,,,,,,,7693.8701171875,7693.8701171875,7699.31982421875,7680.08984375,7682.330078125,329555973.0
2026-09-08 15:00:00+00:00,4439.7998046875,4439.7998046875,4454.5,4439.7998046875,4443.7998046875,8727.0,98.86399841308594,98.86399841308594,98.86499786376953,98.79399871826172,98.80699920654297,0.0,15.329999923706055,15.329999923706055,15.550000190734863,15.289999961853027,15.539999961853027,0.0,,,,,,
2026-09-08 15:30:00+00:00,,,,,,,,,,,,,,,,,,,7686.60009765625,7686.60009765625,7695.990234375,7683.56982421875,7693.7998046875,253569700.0
2026-09-08 16:00:00+00:00,4438.2998046875,4438.2998046875,4443.39990234375,4425.10009765625,4440.0,10812.0,98.89199829101562,98.89199829101562,98.9209976196289,98.86199951171875,98.86499786376953,0.0,15.3100004196167,15.3100004196167,15.420000076293945,15.220000267028809,15.40999984741211,0.0,,,,,,
2026-09-08 16:30:00+00:00,,,,,,,,,,,,,,,,,,,7689.919921875,7689.919921875,7696.18017578125,7681.27978515625,7686.580078125,208581000.0
2026-09-08 17:00:00+00:00,4434.2998046875,4434.2998046875,4448.60009765625,4429.5,4438.39990234375,7413.0,98.86199951171875,98.86199951171875,98.89299774169922,98.86000061035156,98.89199829101562,0.0,15.279999732971191,15.279999732971191,15.350000381469727,15.220000267028809,15.289999961853027,0.0,,,,,,
2026-09-08 17:30:00+00:00,,,,,,,,,,,,,,,,,,,7693.009765625,7693.009765625,7694.22998046875,7688.7998046875,7689.97998046875,201365000.0
2026-09-08 18:00:00+00:00,4420.10009765625,4420.10009765625,4434.7001953125,4402.39990234375,4434.5,11894.0,98.78700256347656,98.78700256347656,98.89700317382812,98.78399658203125,98.86199951171875,0.0,15.520000457763672,15.520000457763672,15.609999656677246,15.25,15.300000190734863,0.0,,,,,,
2026-09-08 18:30:00+00:00,,,,,,,,,,,,,,,,,,,7684.39013671875,7684.39013671875,7693.08984375,7673.0498046875,7692.91015625,300790000.0
2026-09-08 19:00:00+00:00,4404.5,4404.5,4421.7998046875,4401.10009765625,4420.2001953125,7790.0,98.86299896240234,98.86299896240234,98.87100219726562,98.78800201416016,98.78800201416016,0.0,15.630000114440918,15.630000114440918,15.710000038146973,15.289999961853027,15.289999961853027,0.0,,,,,,
2026-09-08 19:30:00+00:00,,,,,,,,,,,,,,,,,,,7674.1298828125,7674.1298828125,7686.89013671875,7666.990234375,7684.2998046875,425180000.0
2026-09-08 20:00:00+00:00,4400.0,4400.0,4409.5,4381.0,4404.10009765625,5404.0,98.86199951171875,98.86199951171875,98.87899780273438,98.84400177001953,98.86299896240234,0.0,15.729999542236328,15.729999542236328,15.779999732971191,15.600000381469727,15.609999656677246,0.0,,,,,,
2026-09-08 21:00:00+00:00,,,,,,,98.83599853515625,98.83599853515625,98.86499786376953,98.83599853515625,98.86100006103516,0.0,,,,,,,,,,,,
2026-09-08 22:00:00+00:00,4397.39990234375,4397.39990234375,4403.0,4393.7001953125,4399.0,0.0,98.83599853515625,98.83599853515625,98.85800170898438,98.83599853515625,98.83599853515625,0.0,,,,,,,,,,,,
2026-09-08 23:00:00+00:00,4393.10009765625,4393.10009765625,4403.39990234375,4392.39990234375,4397.39990234375,2299.0,98.78399658203125,98.78399658203125,98.80799865722656,98.7760009765625,98.80799865722656,0.0,,,,,,,,,,,,
2026-09-09 00:00:00+00:00,4408.7998046875,4408.7998046875,4409.5,4384.10009765625,4393.2998046875,4921.0,98.76399993896484,98.76399993896484,98.79499816894531,98.73699951171875,98.78199768066406,0.0,,,,,,,,,,,,
2026-09-09 01:00:00+00:00,4417.7001953125,4417.7001953125,4422.0,4397.7998046875,4408.60009765625,6680.0,98.77200317382812,98.77200317382812,98.82099914550781,98.76200103759766,98.76300048828125,0.0,,,,,,,,,,,,
2026-09-09 02:00:00+00:00,4426.0,4426.0,4428.39990234375,4411.0,4417.2998046875,2862.0,98.76899719238281,98.76899719238281,98.81099700927734,98.76200103759766,98.77200317382812,0.0,,,,,,,,,,,,
2026-09-09 03:00:00+00:00,4420.39990234375,4420.39990234375,4426.60009765625,4419.2001953125,4426.2001953125,1546.0,98.77100372314453,98.77100372314453,98.78800201416016,98.74700164794922,98.76899719238281,0.0,,,,,,,,,,,,
2026-09-09 04:00:00+00:00,4425.2998046875,4425.2998046875,4426.2001953125,4414.2001953125,4418.7001953125,2158.0,98.7490005493164,98.7490005493164,98.77300262451172,98.73200225830078,98.76899719238281,0.0,,,,,,,,,,,,
2026-09-09 05:00:00+00:00,4442.2998046875,4442.2998046875,4444.60009765625,4423.89990234375,4425.39990234375,7270.0,98.72200012207031,98.72200012207031,98.75499725341797,98.70500183105469,98.7490005493164,0.0,,,,,,,,,,,,
2026-09-09 06:00:00+00:00,4444.7001953125,4444.7001953125,4449.89990234375,4438.60009765625,4442.39990234375,6619.0,98.69400024414062,98.69400024414062,98.7229995727539,98.62999725341797,98.72200012207031,0.0,,,,,,,,,,,,
2026-09-09 07:00:00+00:00,4452.89990234375,4452.89990234375,4456.2998046875,4443.0,4444.39990234375,5989.0,98.65699768066406,98.65699768066406,98.70899963378906,98.61699676513672,98.69499969482422,0.0,15.670000076293945,15.670000076293945,15.710000038146973,15.569999694824219,15.649999618530273,0.0,,,,,,
2026-09-09 08:00:00+00:00,4444.60009765625,4444.60009765625,4455.39990234375,4442.60009765625,4452.7998046875,4870.0,98.78500366210938,98.78500366210938,98.78700256347656,98.65699768066406,98.65899658203125,0.0,15.829999923706055,15.829999923706055,15.869999885559082,15.569999694824219,15.569999694824219,0.0,,,,,,
2026-09-09 09:00:00+00:00,4434.60009765625,4434.60009765625,4446.2998046875,4432.5,4444.7998046875,4501.0,98.8499984741211,98.8499984741211,98.85099792480469,98.75399780273438,98.78500366210938,0.0,16.209999084472656,16.209999084472656,16.239999771118164,15.739999771118164,15.75,0.0,,,,,,
2026-09-09 10:00:00+00:00,4442.89990234375,4442.89990234375,4447.0,4430.0,4434.5,5078.0,98.79399871826172,98.79399871826172,98.86000061035156,98.76599884033203,98.84700012207031,0.0,16.489999771118164,16.489999771118164,16.520000457763672,15.84000015258789,15.880000114440918,0.0,,,,,,
2026-09-09 11:00:00+00:00,4451.60009765625,4451.60009765625,4459.89990234375,4443.2001953125,4443.2998046875,6612.0,98.64600372314453,98.64600372314453,98.7959976196289,98.62999725341797,98.79399871826172,0.0,16.3700008392334,16.3700008392334,16.549999237060547,16.139999389648438,16.139999389648438,0.0,,,,,,
2026-09-09 12:00:00+00:00,4444.39990234375,4444.39990234375,4453.60009765625,4435.2001953125,4451.5,7810.0,98.66899871826172,98.66899871826172,98.69100189208984,98.5989990234375,98.64600372314453,0.0,16.239999771118164,16.239999771118164,16.559999465942383,16.15999984741211,16.309999465942383,0.0,,,,,,
2026-09-09 13:00:00+00:00,4459.2998046875,4459.2998046875,4479.0,4442.7998046875,4444.2001953125,19110.0,98.65399932861328,98.65399932861328,98.68900299072266,98.63400268554688,98.66799926757812,0.0,16.06999969482422,16.06999969482422,16.520000457763672,16.06999969482422,16.510000228881836,0.0,,,,,,
2026-09-09 13:30:00+00:00,,,,,,,,,,,,,,,,,,,7654.35009765625,7654.35009765625,7660.68017578125,7640.009765625,7660.68017578125,0.0
2026-09-09 14:00:00+00:00,4463.2001953125,4463.2001953125,4473.0,4453.60009765625,4459.2001953125,12762.0,98.64700317382812,98.64700317382812,98.68499755859375,98.60399627685547,98.65299987792969,0.0,16.059999465942383,16.059999465942383,16.270000457763672,15.960000038146973,16.149999618530273,0.0,,,,,,
2026-09-09 14:30:00+00:00,,,,,,,,,,,,,,,,,,,7629.60009765625,7629.60009765625,7658.2099609375,7624.16015625,7654.419921875,329885703.0
2026-09-09 15:00:00+00:00,4442.7001953125,4442.7001953125,4477.0,4419.2998046875,4463.39990234375,31469.0,98.8219985961914,98.8219985961914,98.9000015258789,98.62699890136719,98.64800262451172,0.0,16.34000015258789,16.34000015258789,16.68000030517578,15.979999542236328,16.010000228881836,0.0,,,,,,
2026-09-09 15:30:00+00:00,,,,,,,,,,,,,,,,,,,7630.64013671875,7630.64013671875,7644.740234375,7627.919921875,7629.66015625,248043700.0
2026-09-09 16:00:00+00:00,4454.39990234375,4454.39990234375,4455.39990234375,4435.7998046875,4442.89990234375,7175.0,98.7760009765625,98.7760009765625,98.84100341796875,98.73600006103516,98.81999969482422,0.0,16.299999237060547,16.299999237060547,16.600000381469727,16.239999771118164,16.540000915527344,0.0,,,,,,
2026-09-09 16:30:00+00:00,,,,,,,,,,,,,,,,,,,7643.759765625,7643.759765625,7647.0,7630.5498046875,7630.68017578125,213462000.0
2026-09-09 17:00:00+00:00,4461.2001953125,4461.2001953125,4465.60009765625,4453.7998046875,4454.5,8029.0,98.74199676513672,98.74199676513672,98.77999877929688,98.72899627685547,98.7760009765625,0.0,16.18000030517578,16.18000030517578,16.520000457763672,16.149999618530273,16.520000457763672,0.0,,,,,,
2026-09-09 17:30:00+00:00,,,,,,,,,,,,,,,,,,,7643.14990234375,7643.14990234375,7648.2099609375,7637.27001953125,7643.8701171875,222463000.0
2026-09-09 18:00:00+00:00,4448.2001953125,4448.2001953125,4466.7001953125,4446.5,4461.39990234375,5805.0,98.81700134277344,98.81700134277344,98.83200073242188,98.73200225830078,98.74199676513672,0.0,16.200000762939453,16.200000762939453,16.360000610351562,16.149999618530273,16.270000457763672,0.0,,,,,,
2026-09-09 18:30:00+00:00,,,,,,,,,,,,,,,,,,,7645.72021484375,7645.72021484375,7648.7001953125,7640.8798828125,7643.18017578125,262805000.0
2026-09-09 19:00:00+00:00,4444.39990234375,4444.39990234375,4450.39990234375,4441.10009765625,4448.2001953125,4183.0,98.81400299072266,98.81400299072266,98.8499984741211,98.80000305175781,98.81700134277344,0.0,16.450000762939453,16.450000762939453,16.479999542236328,16.149999618530273,16.209999084472656,0.0,,,,,,
2026-09-09 19:30:00+00:00,,,,,,,,,,,,,,,,,,,7637.7001953125,7637.7001953125,7646.27001953125,7634.97998046875,7645.5400390625,417987000.0
2026-09-09 20:00:00+00:00,4447.2001953125,4447.2001953125,4448.10009765625,4438.89990234375,4444.2001953125,1856.0,98.78800201416016,98.78800201416016,98.83799743652344,98.78600311279297,98.81400299072266,0.0,16.459999084472656,16.459999084472656,16.559999465942383,16.420000076293945,16.420000076293945,0.0,,,,,,
2026-09-09 21:00:00+00:00,,,,,,,98.7760009765625,98.7760009765625,98.79399871826172,98.76599884033203,98.78800201416016,0.0,,,,,,,,,,,,
2026-09-09 22:00:00+00:00,4443.89990234375,4443.89990234375,4450.39990234375,4442.0,4448.0,0.0,98.78299713134766,98.78299713134766,98.78299713134766,98.76100158691406,98.77300262451172,0.0,,,,,,,,,,,,
2026-09-09 23:00:00+00:00,4437.5,4437.5,4447.5,4436.7001953125,4444.0,3724.0,98.77899932861328,98.77899932861328,98.79299926757812,98.75499725341797,98.75499725341797,0.0,,,,,,,,,,,,
2026-09-10 00:00:00+00:00,4444.5,4444.5,4448.39990234375,4433.2001953125,4437.7001953125,2991.0,98.81600189208984,98.81600189208984,98.82099914550781,98.7760009765625,98.77899932861328,0.0,,,,,,,,,,,,
2026-09-10 01:00:00+00:00,4455.2001953125,4455.2001953125,4462.5,4443.5,4444.2998046875,4763.0,98.72899627685547,98.72899627685547,98.81900024414062,98.72799682617188,98.81600189208984,0.0,,,,,,,,,,,,
2026-09-10 02:00:00+00:00,4462.7001953125,4462.7001953125,4464.39990234375,4451.2998046875,4455.2001953125,4640.0,98.7249984741211,98.7249984741211,98.78199768066406,98.70600128173828,98.72899627685547,0.0,,,,,,,,,,,,
2026-09-10 03:00:00+00:00,4451.89990234375,4451.89990234375,4464.5,4449.89990234375,4462.7001953125,2088.0,98.73799896240234,98.73799896240234,98.75800323486328,98.71900177001953,98.7239990234375,0.0,,,,,,,,,,,,
2026-09-10 04:00:00+00:00,4451.39990234375,4451.39990234375,4458.39990234375,4448.39990234375,4452.39990234375,1681.0,98.75499725341797,98.75499725341797,98.75900268554688,98.71399688720703,98.73100280761719,0.0,,,,,,,,,,,,
2026-09-10 05:00:00+00:00,4475.0,4475.0,4475.10009765625,4451.10009765625,4451.2001953125,5606.0,98.73699951171875,98.73699951171875,98.76799774169922,98.72599792480469,98.75599670410156,0.0,,,,,,,,,,,,
2026-09-10 06:00:00+00:00,4469.2998046875,4469.2998046875,4479.89990234375,4454.39990234375,4475.10009765625,9653.0,98.72599792480469,98.72599792480469,98.76300048828125,98.7249984741211,98.73600006103516,0.0,,,,,,,,,,,,
2026-09-10 07:00:00+00:00,4454.89990234375,4454.89990234375,4469.5,4447.5,4469.0,7602.0,98.73300170898438,98.73300170898438,98.76899719238281,98.71499633789062,98.72599792480469,0.0,16.350000381469727,16.350000381469727,16.43000030517578,16.290000915527344,16.309999465942383,0.0,,,,,,
2026-09-10 08:00:00+00:00,4437.7998046875,4437.7998046875,4455.7001953125,4435.0,4454.7001953125,6197.0,98.76799774169922,98.76799774169922,98.79199981689453,98.73300170898438,98.73300170898438,0.0,16.469999313354492,16.469999313354492,16.520000457763672,16.31999969482422,16.3700008392334,0.0,,,,,,
2026-09-10 09:00:00+00:00,4437.0,4437.0,4439.5,4431.0,4437.7998046875,4074.0,98.8010025024414,98.8010025024414,98.83399963378906,98.74800109863281,98.76799774169922,0.0,16.489999771118164,16.489999771118164,16.59000015258789,16.3700008392334,16.3700008392334,0.0,,,,,,
2026-09-10 10:00:00+00:00,4421.39990234375,4421.39990234375,4442.7998046875,4417.0,4436.89990234375,8887.0,98.88800048828125,98.88800048828125,98.91799926757812,98.77300262451172,98.79900360107422,0.0,16.56999969482422,16.56999969482422,16.600000381469727,16.450000762939453,16.489999771118164,0.0,,,,,,
2026-09-10 11:00:00+00:00,4416.7001953125,4416.7001953125,4433.10009765625,4415.10009765625,4421.10009765625,5906.0,98.96900177001953,98.96900177001953,98.98400115966797,98.88300323486328,98.88899993896484,0.0,16.920000076293945,16.920000076293945,16.920000076293945,16.479999542236328,16.520000457763672,0.0,,,,,,
2026-09-10 12:00:00+00:00,4381.7998046875,4381.7998046875,4419.89990234375,4365.39990234375,4416.7998046875,31855.0,99.09100341796875,99.09100341796875,99.1989974975586,98.93800354003906,98.96800231933594,0.0,17.760000228881836,17.760000228881836,17.770000457763672,16.59000015258789,16.690000534057617,0.0,,,,,,
2026-09-10 13:00:00+00:00,4408.5,4408.5,4418.10009765625,4380.39990234375,4382.10009765625,23981.0,99.01599884033203,99.01599884033203,99.13800048828125,98.96299743652344,99.08899688720703,0.0,18.049999237060547,18.049999237060547,18.049999237060547,17.059999465942383,17.059999465942383,0.0,,,,,,
2026-09-10 13:30:00+00:00,,,,,,,,,,,,,,,,,,,7600.02001953125,7600.02001953125,7612.740234375,7580.06005859375,7594.740234375,0.0
2026-09-10 14:00:00+00:00,4400.10009765625,4400.10009765625,4419.10009765625,4396.39990234375,4408.2998046875,17514.0,98.89299774169922,98.89299774169922,99.01699829101562,98.89299774169922,99.01599884033203,0.0,17.270000457763672,17.270000457763672,18.049999237060547,17.200000762939453,17.690000534057617,0.0,,,,,,
2026-09-10 14:30:00+00:00,,,,,,,,,,,,,,,,,,,7605.919921875,7605.919921875,7609.10986328125,7598.0400390625,7600.18017578125,299693004.0
2026-09-10 15:00:00+00:00,4407.7998046875,4407.7998046875,4414.10009765625,4394.60009765625,4400.39990234375,8371.0,98.91300201416016,98.91300201416016,98.94100189208984,98.875,98.89299774169922,0.0,17.520000457763672,17.520000457763672,17.6200008392334,17.110000610351562,17.43000030517578,0.0,,,,,,
2026-09-10 15:30:00+00:00,,,,,,,,,,,,,,,,,,,7593.72998046875,7593.72998046875,7612.85986328125,7591.43017578125,7605.83984375,246209168.0
2026-09-10 16:00:00+00:00,4406.39990234375,4406.39990234375,4412.0,4395.5,4408.10009765625,8585.0,98.99099731445312,98.99099731445312,99.0,98.9020004272461,98.91300201416016,0.0,17.239999771118164,17.239999771118164,17.790000915527344,17.110000610351562,17.270000457763672,0.0,,,,,,
2026-09-10 16:30:00+00:00,,,,,,,,,,,,,,,,,,,7599.41015625,7599.41015625,7610.81005859375,7586.72021484375,7593.97021484375,227394000.0
2026-09-10 17:00:00+00:00,4394.2001953125,4394.2001953125,4410.5,4392.7001953125,4406.2001953125,8106.0,98.99700164794922,98.99700164794922,99.01799774169922,98.95600128173828,98.99099731445312,0.0,17.479999542236328,17.479999542236328,17.790000915527344,17.170000076293945,17.68000030517578,0.0,,,,,,
2026-09-10 17:30:00+00:00,,,,,,,,,,,,,,,,,,,7590.27001953125,7590.27001953125,7600.81005859375,7588.06982421875,7599.16015625,202870000.0
2026-09-10 18:00:00+00:00,4374.39990234375,4374.39990234375,4397.7998046875,4371.2998046875,4394.39990234375,11936.0,99.0479965209961,99.0479965209961,99.05999755859375,98.99600219726562,98.99700164794922,0.0,17.799999237060547,17.799999237060547,17.889999389648438,17.399999618530273,17.43000030517578,0.0,,,,,,
2026-09-10 18:30:00+00:00,,,,,,,,,,,,,,,,,,,7589.31005859375,7589.31005859375,7596.490234375,7585.990234375,7590.169921875,257214000.0
2026-09-10 19:00:00+00:00,4365.7001953125,4365.7001953125,4374.0,4354.7001953125,4374.0,10829.0,99.07499694824219,99.07499694824219,99.08499908447266,99.04499816894531,99.0469970703125,0.0,18.010000228881836,18.010000228881836,18.170000076293945,17.6299991607666,17.760000228881836,0.0,,,,,,
2026-09-10 19:30:00+00:00,,,,,,,,,,,,,,,,,,,7592.2998046875,7592.2998046875,7595.72998046875,7587.419921875,7589.22021484375,413325000.0
2026-09-10 20:00:00+00:00,4358.5,4358.5,4365.7001953125,4355.89990234375,4365.5,2651.0,99.0739974975586,99.0739974975586,99.11799621582031,99.0739974975586,99.07499694824219,0.0,17.84000015258789,17.84000015258789,18.079999923706055,17.84000015258789,18.0,0.0,,,,,,
2026-09-10 21:00:00+00:00,,,,,,,99.07499694824219,99.07499694824219,99.08799743652344,99.05699920654297,99.07499694824219,0.0,,,,,,,,,,,,
2026-09-10 22:00:00+00:00,4358.7998046875,4358.7998046875,4365.7998046875,4354.0,4359.39990234375,0.0,99.08999633789062,99.08999633789062,99.10299682617188,99.06800079345703,99.07499694824219,0.0,,,,,,,,,,,,
2026-09-10 23:00:00+00:00,4354.5,4354.5,4361.0,4351.2998046875,4358.7001953125,1750.0,99.08300018310547,99.08300018310547,99.10299682617188,99.08300018310547,99.09600067138672,0.0,,,,,,,,,,,,
2026-09-11 00:00:00+00:00,4372.2001953125,4372.2001953125,4374.10009765625,4353.2001953125,4355.5,3434.0,99.05699920654297,99.05699920654297,99.08599853515625,99.04399871826172,99.08200073242188,0.0,,,,,,,,,,,,
2026-09-11 01:00:00+00:00,4369.10009765625,4369.10009765625,4380.7001953125,4361.0,4372.2998046875,6716.0,99.07099914550781,99.07099914550781,99.08599853515625,99.02200317382812,99.05599975585938,0.0,,,,,,,,,,,,
2026-09-11 02:00:00+00:00,4363.2001953125,4363.2001953125,4374.5,4356.2001953125,4369.5,4849.0,99.10800170898438,99.10800170898438,99.13700103759766,99.06800079345703,99.07099914550781,0.0,,,,,,,,,,,,
2026-09-11 03:00:00+00:00,4345.0,4345.0,4366.7998046875,4341.39990234375,4362.7001953125,5825.0,99.14700317382812,99.14700317382812,99.1719970703125,99.10700225830078,99.11000061035156,0.0,,,,,,,,,,,,
2026-09-11 04:00:00+00:00,4372.10009765625,4372.10009765625,4375.60009765625,4342.39990234375,4344.2001953125,5520.0,99.11399841308594,99.11399841308594,99.15399932861328,99.08999633789062,99.14700317382812,0.0,,,,,,,,,,,,
2026-09-11 05:00:00+00:00,4386.60009765625,4386.60009765625,4392.5,4368.89990234375,4372.39990234375,5097.0,99.04499816894531,99.04499816894531,99.11900329589844,99.02899932861328,99.11499786376953,0.0,,,,,,,,,,,,
2026-09-11 06:00:00+00:00,4394.7998046875,4394.7998046875,4402.0,4386.2998046875,4386.7998046875,5934.0,99.0479965209961,99.0479965209961,99.06199645996094,99.00599670410156,99.0459976196289,0.0,,,,,,,,,,,,
2026-09-11 07:00:00+00:00,4386.10009765625,4386.10009765625,4397.2998046875,4381.7001953125,4394.2001953125,3220.0,99.08200073242188,99.08200073242188,99.11199951171875,99.03500366210938,99.0469970703125,0.0,17.68000030517578,17.68000030517578,17.709999084472656,17.5,17.510000228881836,0.0,,,,,,
2026-09-11 08:00:00+00:00,4388.7001953125,4388.7001953125,4399.2998046875,4383.0,4386.2998046875,5735.0,99.1240005493164,99.1240005493164,99.12999725341797,99.0739974975586,99.08100128173828,0.0,17.200000762939453,17.200000762939453,17.709999084472656,17.200000762939453,17.56999969482422,0.0,,,,,,
2026-09-11 09:00:00+00:00,4388.2001953125,4388.2001953125,4395.39990234375,4382.5,4388.89990234375,3322.0,99.13800048828125,99.13800048828125,99.16000366210938,99.09600067138672,99.12300109863281,0.0,17.15999984741211,17.15999984741211,17.530000686645508,17.1200008392334,17.530000686645508,0.0,,,,,,
2026-09-11 10:00:00+00:00,4379.39990234375,4379.39990234375,4392.0,4378.5,4388.2998046875,4631.0,99.16600036621094,99.16600036621094,99.18699645996094,99.11499786376953,99.13899993896484,0.0,17.239999771118164,17.239999771118164,17.260000228881836,17.06999969482422,17.260000228881836,0.0,,,,,,
2026-09-11 11:00:00+00:00,4375.0,4375.0,4384.60009765625,4372.10009765625,4379.2998046875,4812.0,99.177001953125,99.177001953125,99.17900085449219,99.13600158691406,99.16600036621094,0.0,17.09000015258789,17.09000015258789,17.260000228881836,17.059999465942383,17.18000030517578,0.0,,,,,,
2026-09-11 12:00:00+00:00,4430.2998046875,4430.2998046875,4432.60009765625,4333.0,4375.2998046875,37113.0,99.04399871826172,99.04399871826172,99.36799621582031,99.04199981689453,99.1760025024414,0.0,15.949999809265137,15.949999809265137,17.18000030517578,15.949999809265137,17.09000015258789,0.0,,,,,,
2026-09-11 13:00:00+00:00,4443.89990234375,4443.89990234375,4444.89990234375,4421.89990234375,4430.5,25946.0,98.98400115966797,98.98400115966797,99.09700012207031,98.97599792480469,99.04199981689453,0.0,15.880000114440918,15.880000114440918,17.170000076293945,15.729999542236328,16.489999771118164,0.0,,,,,,
2026-09-11 13:30:00+00:00,,,,,,,,,,,,,,,,,,,7671.27001953125,7671.27001953125,7677.02001953125,7636.75,7636.75,0.0
2026-09-11 14:00:00+00:00,4412.5,4412.5,4444.89990234375,4406.2998046875,4443.7001953125,18183.0,98.99700164794922,98.99700164794922,99.05500030517578,98.96499633789062,98.98400115966797,0.0,16.100000381469727,16.100000381469727,16.200000762939453,15.680000305175781,16.1200008392334,0.0,,,,,,
2026-09-11 14:30:00+00:00,,,,,,,,,,,,,,,,,,,7673.89013671875,7673.89013671875,7675.93994140625,7650.18994140625,7671.14013671875,293800001.0
2026-09-11 15:00:00+00:00,4408.60009765625,4408.60009765625,4418.7001953125,4401.0,4412.5,10752.0,99.08100128173828,99.08100128173828,99.10099792480469,98.98500061035156,98.99800109863281,0.0,15.729999542236328,15.729999542236328,16.200000762939453,15.699999809265137,15.710000038146973,0.0,,,,,,
2026-09-11 15:30:00+00:00,,,,,,,,,,,,,,,,,,,7662.77001953125,7662.77001953125,7675.7001953125,7662.759765625,7673.85986328125,222778065.0
2026-09-11 16:00:00+00:00,4403.7998046875,4403.7998046875,4414.39990234375,4393.2998046875,4408.60009765625,10143.0,99.0979995727539,99.0979995727539,99.10800170898438,99.0459976196289,99.08100128173828,0.0,15.729999542236328,15.729999542236328,15.869999885559082,15.670000076293945,15.779999732971191,0.0,,,,,,
2026-09-11 16:30:00+00:00,,,,,,,,,,,,,,,,,,,7673.419921875,7673.419921875,7676.22998046875,7661.68994140625,7662.9501953125,198309000.0
2026-09-11 17:00:00+00:00,4400.60009765625,4400.60009765625,4412.7001953125,4400.0,4403.7001953125,7756.0,99.10399627685547,99.10399627685547,99.1259994506836,99.08399963378906,99.09700012207031,0.0,15.630000114440918,15.630000114440918,15.869999885559082,15.609999656677246,15.869999885559082,0.0,,,,,,
2026-09-11 17:30:00+00:00,,,,,,,,,,,,,,,,,,,7667.64013671875,7667.64013671875,7675.47998046875,7665.740234375,7673.43017578125,196857000.0
2026-09-11 18:00:00+00:00,4389.10009765625,4389.10009765625,4402.39990234375,4385.7998046875,4400.5,6728.0,99.12200164794922,99.12200164794922,99.1520004272461,99.08999633789062,99.10399627685547,0.0,15.829999923706055,15.829999923706055,15.829999923706055,15.59000015258789,15.670000076293945,0.0,,,,,,
2026-09-11 18:30:00+00:00,,,,,,,,,,,,,,,,,,,7663.8701171875,7663.8701171875,7669.16015625,7659.580078125,7667.6298828125,227317000.0
2026-09-11 19:00:00+00:00,4391.0,4391.0,4395.7998046875,4384.89990234375,4389.2998046875,4704.0,99.11699676513672,99.11699676513672,99.14199829101562,99.10800170898438,99.12200164794922,0.0,15.899999618530273,15.899999618530273,15.930000305175781,15.630000114440918,15.65999984741211,0.0,,,,,,
2026-09-11 19:30:00+00:00,,,,,,,,,,,,,,,,,,,7655.5,7655.5,7664.5400390625,7654.8798828125,7663.89013671875,399675000.0
2026-09-11 20:00:00+00:00,4408.89990234375,4408.89990234375,4408.89990234375,4387.2998046875,4391.0,1499.0,99.09500122070312,99.09500122070312,99.1500015258789,99.08899688720703,99.11699676513672,0.0,15.84000015258789,15.84000015258789,15.890000343322754,15.829999923706055,15.829999923706055,0.0,,,,,,
2026-09-13 22:00:00+00:00,4378.39990234375,4378.39990234375,4380.89990234375,4368.60009765625,4371.89990234375,2929.0,99.14800262451172,99.14800262451172,99.16400146484375,99.072998046875,99.10299682617188,0.0,,,,,,,,,,,,
2026-09-13 23:00:00+00:00,4373.2998046875,4373.2998046875,4383.0,4372.60009765625,4378.60009765625,1603.0,99.10900115966797,99.10900115966797,99.16500091552734,99.10199737548828,99.14800262451172,0.0,,,,,,,,,,,,
2026-09-14 00:00:00+00:00,4379.60009765625,4379.60009765625,4388.7998046875,4370.89990234375,4373.2998046875,3450.0,99.17900085449219,99.17900085449219,99.1969985961914,99.09300231933594,99.10800170898438,0.0,,,,,,,,,,,,
2026-09-14 01:00:00+00:00,4394.5,4394.5,4396.5,4367.10009765625,4379.7001953125,6361.0,99.18900299072266,99.18900299072266,99.21900177001953,99.16600036621094,99.17900085449219,0.0,,,,,,,,,,,,
2026-09-14 02:00:00+00:00,4371.7998046875,4371.7998046875,4396.7998046875,4371.10009765625,4394.39990234375,3943.0,99.24800109863281,99.24800109863281,99.25199890136719,99.177001953125,99.19000244140625,0.0,,,,,,,,,,,,
2026-09-14 03:00:00+00:00,4370.60009765625,4370.60009765625,4377.10009765625,4367.2001953125,4371.5,3180.0,99.322998046875,99.322998046875,99.33300018310547,99.24700164794922,99.24700164794922,0.0,,,,,,,,,,,,
2026-09-14 04:00:00+00:00,4369.60009765625,4369.60009765625,4371.89990234375,4362.10009765625,4370.60009765625,2687.0,99.34300231933594,99.34300231933594,99.36599731445312,99.30999755859375,99.31900024414062,0.0,,,,,,,,,,,,
2026-09-14 05:00:00+00:00,4378.10009765625,4378.10009765625,4378.10009765625,4363.5,4369.7998046875,4403.0,99.31500244140625,99.31500244140625,99.35800170898438,99.30699920654297,99.34300231933594,0.0,,,,,,,,,,,,
2026-09-14 06:00:00+00:00,4362.5,4362.5,4379.2998046875,4360.89990234375,4377.89990234375,3506.0,99.45099639892578,99.45099639892578,99.46600341796875,99.30899810791016,99.31400299072266,0.0,,,,,,,,,,,,
2026-09-14 07:00:00+00:00,4350.7001953125,4350.7001953125,4364.5,4348.0,4362.39990234375,5155.0,99.50299835205078,99.50299835205078,99.52200317382812,99.41400146484375,99.44999694824219,0.0,17.739999771118164,17.739999771118164,17.809999465942383,17.479999542236328,17.5,0.0,,,,,,
2026-09-14 08:00:00+00:00,4346.60009765625,4346.60009765625,4358.39990234375,4343.2001953125,4350.89990234375,4232.0,99.5739974975586,99.5739974975586,99.58999633789062,99.5009994506836,99.50299835205078,0.0,17.90999984741211,17.90999984741211,18.0,17.559999465942383,17.59000015258789,0.0,,,,,,
2026-09-14 09:00:00+00:00,4325.2001953125,4325.2001953125,4351.7998046875,4317.2998046875,4346.2998046875,14005.0,99.54399871826172,99.54399871826172,99.60199737548828,99.52100372314453,99.57499694824219,0.0,18.079999923706055,18.079999923706055,18.170000076293945,17.760000228881836,17.860000610351562,0.0,,,,,,
2026-09-14 10:00:00+00:00,4334.39990234375,4334.39990234375,4336.5,4317.7998046875,4325.10009765625,5543.0,99.55899810791016,99.55899810791016,99.58699798583984,99.54299926757812,99.54299926757812,0.0,17.610000610351562,17.610000610351562,18.139999389648438,17.600000381469727,18.049999237060547,0.0,,,,,,
2026-09-14 11:00:00+00:00,4326.89990234375,4326.89990234375,4337.10009765625,4324.10009765625,4334.39990234375,4515.0,99.50800323486328,99.50800323486328,99.55899810791016,99.48699951171875,99.55799865722656,0.0,17.59000015258789,17.59000015258789,17.850000381469727,17.459999084472656,17.850000381469727,0.0,,,,,,
2026-09-14 12:00:00+00:00,4310.7998046875,4310.7998046875,4337.7001953125,4305.7001953125,4327.10009765625,13243.0,99.66400146484375,99.66400146484375,99.67400360107422,99.4739990234375,99.50900268554688,0.0,17.719999313354492,17.719999313354492,17.90999984741211,17.459999084472656,17.459999084472656,0.0,,,,,,
2026-09-14 13:00:00+00:00,4312.2001953125,4312.2001953125,4321.89990234375,4293.0,4311.2001953125,17440.0,99.71700286865234,99.71700286865234,99.73600006103516,99.62200164794922,99.66200256347656,0.0,17.389999389648438,17.389999389648438,17.940000534057617,17.270000457763672,17.579999923706055,0.0,,,,,,
2026-09-14 13:30:00+00:00,,,,,,,,,,,,,,,,,,,7601.0498046875,7601.0498046875,7624.06982421875,7595.56982421875,7611.43994140625,0.0
2026-09-14 14:00:00+00:00,4320.10009765625,4320.10009765625,4323.39990234375,4303.7001953125,4312.10009765625,12103.0,99.62200164794922,99.62200164794922,99.72799682617188,99.5770034790039,99.71700286865234,0.0,17.510000228881836,17.510000228881836,17.719999313354492,17.170000076293945,17.719999313354492,0.0,,,,,,
2026-09-14 14:30:00+00:00,,,,,,,,,,,,,,,,,,,7608.669921875,7608.669921875,7611.41015625,7592.27978515625,7601.06982421875,324273341.0
2026-09-14 15:00:00+00:00,4329.10009765625,4329.10009765625,4339.39990234375,4313.10009765625,4320.2001953125,16489.0,99.5009994506836,99.5009994506836,99.6259994506836,99.48600006103516,99.62200164794922,0.0,16.770000457763672,16.770000457763672,17.6299991607666,16.709999084472656,17.56999969482422,0.0,,,,,,
2026-09-14 15:30:00+00:00,,,,,,,,,,,,,,,,,,,7633.5498046875,7633.5498046875,7638.7099609375,7607.18017578125,7608.72998046875,267256911.0
2026-09-14 16:00:00+00:00,4356.5,4356.5,4358.89990234375,4327.2998046875,4329.2998046875,11487.0,99.39900207519531,99.39900207519531,99.50499725341797,99.3740005493164,99.5009994506836,0.0,16.670000076293945,16.670000076293945,17.18000030517578,16.579999923706055,17.170000076293945,0.0,,,,,,
2026-09-14 16:30:00+00:00,,,,,,,,,,,,,,,,,,,7639.7900390625,7639.7900390625,7647.990234375,7631.7001953125,7633.3701171875,227080000.0
2026-09-14 17:00:00+00:00,4351.60009765625,4351.60009765625,4357.39990234375,4348.2001953125,4356.5,7995.0,99.43000030517578,99.43000030517578,99.44599914550781,99.38800048828125,99.39700317382812,0.0,16.700000762939453,16.700000762939453,16.829999923706055,16.579999923706055,16.760000228881836,0.0,,,,,,
2026-09-14 17:30:00+00:00,,,,,,,,,,,,,,,,,,,7633.14990234375,7633.14990234375,7641.68017578125,7632.16015625,7639.81005859375,253588000.0
2026-09-14 18:00:00+00:00,4347.7998046875,4347.7998046875,4356.7001953125,4345.0,4351.7001953125,4977.0,99.39099884033203,99.39099884033203,99.44000244140625,99.38800048828125,99.42900085449219,0.0,16.790000915527344,16.790000915527344,16.790000915527344,16.65999984741211,16.729999542236328,0.0,,,,,,
2026-09-14 18:30:00+00:00,,,,,,,,,,,,,,,,,,,7630.16015625,7630.16015625,7637.97998046875,7628.97998046875,7633.080078125,264382000.0
2026-09-14 19:00:00+00:00,4324.10009765625,4324.10009765625,4348.2998046875,4323.2001953125,4347.89990234375,6301.0,99.48999786376953,99.48999786376953,99.49099731445312,99.39099884033203,99.39099884033203,0.0,17.09000015258789,17.09000015258789,17.09000015258789,16.690000534057617,16.75,0.0,,,,,,
2026-09-14 19:30:00+00:00,,,,,,,,,,,,,,,,,,,7620.3701171875,7620.3701171875,7631.91015625,7619.0,7629.85009765625,424314000.0
2026-09-14 20:00:00+00:00,4340.0,4340.0,4340.39990234375,4322.7998046875,4324.10009765625,3084.0,99.48100280761719,99.48100280761719,99.51699829101562,99.47000122070312,99.48899841308594,0.0,17.100000381469727,17.100000381469727,17.139999389648438,17.06999969482422,17.09000015258789,0.0,,,,,,
2026-09-14 21:00:00+00:00,,,,,,,99.46600341796875,99.46600341796875,99.48100280761719,99.43699645996094,99.4800033569336,0.0,,,,,,,,,,,,
2026-09-14 22:00:00+00:00,4335.89990234375,4335.89990234375,4343.60009765625,4332.60009765625,4340.2998046875,0.0,99.46700286865234,99.46700286865234,99.4739990234375,99.46499633789062,99.46600341796875,0.0,,,,,,,,,,,,
2026-09-14 23:00:00+00:00,4329.0,4329.0,4338.10009765625,4327.5,4335.7998046875,4009.0,99.48799896240234,99.48799896240234,99.50199890136719,99.47799682617188,99.4800033569336,0.0,,,,,,,,,,,,
2026-09-15 00:00:00+00:00,4333.60009765625,4333.60009765625,4337.2998046875,4323.7998046875,4328.89990234375,3269.0,99.54100036621094,99.54100036621094,99.54399871826172,99.48699951171875,99.48899841308594,0.0,,,,,,,,,,,,
2026-09-15 01:00:00+00:00,4344.10009765625,4344.10009765625,4347.0,4328.39990234375,4333.7998046875,5768.0,99.59400177001953,99.59400177001953,99.5989990234375,99.53800201416016,99.54100036621094,0.0,,,,,,,,,,,,
2026-09-15 02:00:00+00:00,4354.89990234375,4354.89990234375,4358.2001953125,4344.39990234375,4344.5,5452.0,99.58200073242188,99.58200073242188,99.625,99.5780029296875,99.59200286865234,0.0,,,,,,,,,,,,
2026-09-15 03:00:00+00:00,4345.10009765625,4345.10009765625,4355.2001953125,4343.89990234375,4354.7998046875,4389.0,99.59700012207031,99.59700012207031,99.6050033569336,99.57499694824219,99.58200073242188,0.0,,,,,,,,,,,,
2026-09-15 04:00:00+00:00,4344.7998046875,4344.7998046875,4350.39990234375,4341.2998046875,4344.0,3909.0,99.60800170898438,99.60800170898438,99.62200164794922,99.58599853515625,99.59600067138672,0.0,,,,,,,,,,,,
2026-09-15 05:00:00+00:00,4331.2001953125,4331.2001953125,4347.89990234375,4329.10009765625,4344.89990234375,4099.0,99.625,99.625,99.64299774169922,99.59700012207031,99.60800170898438,0.0,,,,,,,,,,,,
2026-09-15 06:00:00+00:00,4333.60009765625,4333.60009765625,4335.2998046875,4325.89990234375,4331.10009765625,5266.0,99.64299774169922,99.64299774169922,99.68699645996094,99.61199951171875,99.6240005493164,0.0,,,,,,,,,,,,
2026-09-15 07:00:00+00:00,4320.7001953125,4320.7001953125,4335.7001953125,4316.60009765625,4333.5,6315.0,99.59400177001953,99.59400177001953,99.6510009765625,99.58300018310547,99.64299774169922,0.0,17.690000534057617,17.690000534057617,17.780000686645508,17.399999618530273,17.56999969482422,0.0,,,,,,
2026-09-15 08:00:00+00:00,4302.7998046875,4302.7998046875,4320.89990234375,4301.7001953125,4320.7998046875,7672.0,99.64900207519531,99.64900207519531,99.66400146484375,99.58300018310547,99.59500122070312,0.0,17.81999969482422,17.81999969482422,18.030000686645508,17.459999084472656,17.479999542236328,0.0,,,,,,
2026-09-15 09:00:00+00:00,4308.7001953125,4308.7001953125,4312.39990234375,4301.60009765625,4303.10009765625,6841.0,99.61399841308594,99.61399841308594,99.66500091552734,99.5999984741211,99.64900207519531,0.0,17.520000457763672,17.520000457763672,17.950000762939453,17.5,17.809999465942383,0.0,,,,,,
2026-09-15 10:00:00+00:00,4321.7998046875,4321.7998046875,4324.0,4308.7998046875,4308.7998046875,5217.0,99.63300323486328,99.63300323486328,99.63500213623047,99.58899688720703,99.61399841308594,0.0,17.139999389648438,17.139999389648438,17.860000610351562,17.110000610351562,17.860000610351562,0.0,,,,,,
2026-09-15 11:00:00+00:00,4324.39990234375,4324.39990234375,4326.7001953125,4318.7998046875,4321.2001953125,4317.0,99.61100006103516,99.61100006103516,99.63899993896484,99.56500244140625,99.63300323486328,0.0,17.040000915527344,17.040000915527344,17.420000076293945,17.020000457763672,17.399999618530273,0.0,,,,,,
2026-09-15 12:00:00+00:00,4330.60009765625,4330.60009765625,4336.2998046875,4311.0,4324.39990234375,10547.0,99.58599853515625,99.58599853515625,99.63800048828125,99.552001953125,99.61199951171875,0.0,16.889999389648438,16.889999389648438,17.1200008392334,16.790000915527344,17.06999969482422,0.0,,,,,,
2026-09-15 13:00:00+00:00,4334.60009765625,4334.60009765625,4338.5,4323.2998046875,4330.2001953125,11448.0,99.54900360107422,99.54900360107422,99.6449966430664,99.52999877929688,99.58699798583984,0.0,16.959999084472656,16.959999084472656,17.170000076293945,16.790000915527344,17.040000915527344,0.0,,,,,,
2026-09-15 13:30:00+00:00,,,,,,,,,,,,,,,,,,,7586.3701171875,7586.3701171875,7617.259765625,7583.06005859375,7612.2998046875,0.0
2026-09-15 14:00:00+00:00,4316.7998046875,4316.7998046875,4340.7001953125,4313.0,4334.60009765625,12905.0,99.60800170898438,99.60800170898438,99.62000274658203,99.54299926757812,99.55000305175781,0.0,17.799999237060547,17.799999237060547,17.84000015258789,16.889999389648438,16.989999771118164,0.0,,,,,,
2026-09-15 14:30:00+00:00,,,,,,,,,,,,,,,,,,,7585.25,7585.25,7587.43994140625,7572.68994140625,7586.3701171875,314215742.0
2026-09-15 15:00:00+00:00,4329.89990234375,4329.89990234375,4335.2001953125,4316.60009765625,4316.89990234375,8798.0,99.62799835205078,99.62799835205078,99.6500015258789,99.59200286865234,99.60700225830078,0.0,17.579999923706055,17.579999923706055,17.84000015258789,17.450000762939453,17.459999084472656,0.0,,,,,,
2026-09-15 15:30:00+00:00,,,,,,,,,,,,,,,,,,,7587.06982421875,7587.06982421875,7589.740234375,7577.9599609375,7585.43994140625,255515550.0
2026-09-15 16:00:00+00:00,4335.60009765625,4335.60009765625,4338.39990234375,4325.39990234375,4329.60009765625,7393.0,99.61000061035156,99.61000061035156,99.65399932861328,99.60600280761719,99.62799835205078,0.0,17.5,17.5,17.75,17.450000762939453,17.639999389648438,0.0,,,,,,
2026-09-15 16:30:00+00:00,,,,,,,,,,,,,,,,,,,7579.66015625,7579.66015625,7591.56982421875,7577.72998046875,7587.14013671875,253481000.0
2026-09-15 17:00:00+00:00,4335.2998046875,4335.2998046875,4339.7998046875,4330.5,4335.7998046875,9125.0,99.65799713134766,99.65799713134766,99.66500091552734,99.60099792480469,99.61000061035156,0.0,17.559999465942383,17.559999465942383,17.700000762939453,17.450000762939453,17.540000915527344,0.0,,,,,,
2026-09-15 17:30:00+00:00,,,,,,,,,,,,,,,,,,,7588.02978515625,7588.02978515625,7590.52978515625,7579.6201171875,7579.6201171875,238475000.0
2026-09-15 18:00:00+00:00,4348.7001953125,4348.7001953125,4350.60009765625,4332.89990234375,4335.5,6872.0,99.61499786376953,99.61499786376953,99.66899871826172,99.60900115966797,99.65699768066406,0.0,17.440000534057617,17.440000534057617,17.65999984741211,17.389999389648438,17.65999984741211,0.0,,,,,,
2026-09-15 18:30:00+00:00,,,,,,,,,,,,,,,,,,,7581.22998046875,7581.22998046875,7588.2099609375,7578.830078125,7588.2099609375,278484000.0
2026-09-15 19:00:00+00:00,4337.2998046875,4337.2998046875,4350.7998046875,4333.7001953125,4348.7001953125,4498.0,99.63700103759766,99.63700103759766,99.64099884033203,99.61399841308594,99.61599731445312,0.0,17.3799991607666,17.3799991607666,17.579999923706055,17.360000610351562,17.43000030517578,0.0,,,,,,
2026-09-15 19:30:00+00:00,,,,,,,,,,,,,,,,,,,7585.509765625,7585.509765625,7585.81982421875,7576.7998046875,7581.18017578125,404077000.0
2026-09-15 20:00:00+00:00,4333.39990234375,4333.39990234375,4338.7998046875,4331.60009765625,4337.2998046875,2260.0,99.6259994506836,99.6259994506836,99.65899658203125,99.6259994506836,99.63700103759766,0.0,17.209999084472656,17.209999084472656,17.360000610351562,17.200000762939453,17.360000610351562,0.0,,,,,,
2026-09-15 21:00:00+00:00,,,,,,,99.63400268554688,99.63400268554688,99.65599822998047,99.61900329589844,99.6240005493164,0.0,,,,,,,,,,,,
2026-09-15 22:00:00+00:00,4329.2001953125,4329.2001953125,4339.5,4329.2001953125,4333.5,0.0,99.61199951171875,99.61199951171875,99.63300323486328,99.60700225830078,99.63300323486328,0.0,,,,,,,,,,,,
2026-09-15 23:00:00+00:00,4323.2998046875,4323.2998046875,4329.7001953125,4321.2001953125,4329.10009765625,5332.0,99.68199920654297,99.68199920654297,99.69599914550781,99.66500091552734,99.69599914550781,0.0,,,,,,,,,,,,
2026-09-16 00:00:00+00:00,4317.10009765625,4317.10009765625,4326.5,4315.2001953125,4323.89990234375,3709.0,99.70099639892578,99.70099639892578,99.71600341796875,99.65499877929688,99.68099975585938,0.0,,,,,,,,,,,,
2026-09-16 01:00:00+00:00,4321.7998046875,4321.7998046875,4333.2998046875,4316.2998046875,4317.10009765625,6320.0,99.72899627685547,99.72899627685547,99.73500061035156,99.69100189208984,99.70099639892578,0.0,,,,,,,,,,,,
2026-09-16 02:00:00+00:00,4362.10009765625,4362.10009765625,4363.89990234375,4321.39990234375,4322.0,11158.0,99.64399719238281,99.64399719238281,99.73100280761719,99.64299774169922,99.72799682617188,0.0,,,,,,,,,,,,
2026-09-16 03:00:00+00:00,4367.2001953125,4367.2001953125,4381.89990234375,4361.89990234375,4362.2998046875,9328.0,99.66300201416016,99.66300201416016,99.6719970703125,99.63500213623047,99.64199829101562,0.0,,,,,,,,,,,,
2026-09-16 04:00:00+00:00,4362.60009765625,4362.60009765625,4369.2001953125,4361.5,4368.0,1875.0,99.62899780273438,99.62899780273438,99.66100311279297,99.61699676513672,99.66100311279297,0.0,,,,,,,,,,,,
2026-09-16 05:00:00+00:00,4366.89990234375,4366.89990234375,4374.2998046875,4361.7001953125,4362.7998046875,3544.0,99.5780029296875,99.5780029296875,99.63899993896484,99.56099700927734,99.62899780273438,0.0,,,,,,,,,,,,
2026-09-16 06:00:00+00:00,4373.2001953125,4373.2001953125,4373.39990234375,4361.7001953125,4366.89990234375,4089.0,99.59100341796875,99.59100341796875,99.6259994506836,99.56300354003906,99.5790023803711,0.0,,,,,,,,,,,,
2026-09-16 07:00:00+00:00,4369.0,4369.0,4379.10009765625,4368.2001953125,4372.7001953125,4777.0,99.60199737548828,99.60199737548828,99.60600280761719,99.53700256347656,99.59100341796875,0.0,16.979999542236328,16.979999542236328,16.989999771118164,16.899999618530273,16.90999984741211,0.0,,,,,,
2026-09-16 08:00:00+00:00,4371.10009765625,4371.10009765625,4377.7001953125,4362.60009765625,4369.0,7572.0,99.6510009765625,99.6510009765625,99.66000366210938,99.58599853515625,99.60299682617188,0.0,17.0,17.0,17.149999618530273,16.899999618530273,16.93000030517578,0.0,,,,,,
2026-09-16 09:00:00+00:00,4379.10009765625,4379.10009765625,4380.2998046875,4368.2998046875,4371.2001953125,6323.0,99.66699981689453,99.66699981689453,99.66899871826172,99.6259994506836,99.6510009765625,0.0,16.969999313354492,16.969999313354492,17.1299991607666,16.959999084472656,17.010000228881836,0.0,,,,,,
2026-09-16 10:00:00+00:00,4391.89990234375,4391.89990234375,4393.0,4378.60009765625,4379.10009765625,9298.0,99.68199920654297,99.68199920654297,99.70099639892578,99.6520004272461,99.66600036621094,0.0,16.979999542236328,16.979999542236328,17.09000015258789,16.959999084472656,17.079999923706055,0.0,,,,,,
2026-09-16 11:00:00+00:00,4382.7998046875,4382.7998046875,4394.7998046875,4382.7001953125,4392.0,7658.0,99.69100189208984,99.69100189208984,99.71299743652344,99.63700103759766,99.68199920654297,0.0,16.770000457763672,16.770000457763672,16.989999771118164,16.75,16.979999542236328,0.0,,,,,,
2026-09-16 12:00:00+00:00,4388.39990234375,4388.39990234375,4390.10009765625,4375.0,4382.7998046875,9825.0,99.7030029296875,99.7030029296875,99.7509994506836,99.66999816894531,99.69300079345703,0.0,16.739999771118164,16.739999771118164,16.899999618530273,16.559999465942383,16.889999389648438,0.0,,,,,,
2026-09-16 13:00:00+00:00,4379.89990234375,4379.89990234375,4402.89990234375,4376.2998046875,4388.5,13761.0,99.73500061035156,99.73500061035156,99.73600006103516,99.68199920654297,99.7020034790039,0.0,16.729999542236328,16.729999542236328,16.989999771118164,16.559999465942383,16.700000762939453,0.0,,,,,,
2026-09-16 13:30:00+00:00,,,,,,,,,,,,,,,,,,,7600.64990234375,7600.64990234375,7614.97021484375,7597.60986328125,7601.25,0.0
2026-09-16 14:00:00+00:00,4397.2998046875,4397.2998046875,4398.10009765625,4364.5,4379.89990234375,17127.0,99.6719970703125,99.6719970703125,99.74800109863281,99.64700317382812,99.73500061035156,0.0,16.760000228881836,16.760000228881836,16.989999771118164,16.700000762939453,16.809999465942383,0.0,,,,,,
2026-09-16 14:30:00+00:00,,,,,,,,,,,,,,,,,,,7615.0400390625,7615.0400390625,7620.89990234375,7599.419921875,7600.669921875,268780779.0
2026-09-16 15:00:00+00:00,4394.7001953125,4394.7001953125,4405.2001953125,4384.5,4397.2001953125,12862.0,99.68699645996094,99.68699645996094,99.70500183105469,99.63999938964844,99.6709976196289,0.0,16.729999542236328,16.729999542236328,16.959999084472656,16.549999237060547,16.950000762939453,0.0,,,,,,
2026-09-16 15:30:00+00:00,,,,,,,,,,,,,,,,,,,7612.740234375,7612.740234375,7626.7900390625,7610.35986328125,7615.18017578125,207659666.0
2026-09-16 16:00:00+00:00,4388.5,4388.5,4395.0,4385.2998046875,4394.89990234375,5720.0,99.70500183105469,99.70500183105469,99.71900177001953,99.68299865722656,99.68599700927734,0.0,16.790000915527344,16.790000915527344,16.8799991607666,16.549999237060547,16.719999313354492,0.0,,,,,,
2026-09-16 16:30:00+00:00,,,,,,,,,,,,,,,,,,,7610.3798828125,7610.3798828125,7613.2001953125,7604.10986328125,7612.68994140625,174647644.0
2026-09-16 17:00:00+00:00,4399.0,4399.0,4413.10009765625,4383.39990234375,4388.2998046875,9235.0,99.66200256347656,99.66200256347656,99.73799896240234,99.66200256347656,99.70500183105469,0.0,16.860000610351562,16.860000610351562,16.889999389648438,16.75,16.850000381469727,0.0,,,,,,
2026-09-16 17:30:00+00:00,,,,,,,,,,,,,,,,,,,7608.669921875,7608.669921875,7622.77001953125,7598.77001953125,7610.39990234375,256790000.0
2026-09-16 18:00:00+00:00,4301.2998046875,4301.2998046875,4412.0,4296.2001953125,4404.2001953125,57928.0,100.25199890136719,100.25199890136719,100.25399780273438,99.60800170898438,99.66200256347656,0.0,17.729999542236328,17.729999542236328,17.780000686645508,16.399999618530273,16.799999237060547,0.0,,,,,,
2026-09-16 18:30:00+00:00,,,,,,,,,,,,,,,,,,,7523.72998046875,7523.72998046875,7612.009765625,7507.77001953125,7608.18994140625,430508000.0
2026-09-16 19:00:00+00:00,4311.39990234375,4311.39990234375,4326.89990234375,4273.2998046875,4301.0,30424.0,100.25399780273438,100.25399780273438,100.33100128173828,100.1500015258789,100.2509994506836,0.0,17.530000686645508,17.530000686645508,18.940000534057617,16.559999465942383,16.81999969482422,0.0,,,,,,
2026-09-16 19:30:00+00:00,,,,,,,,,,,,,,,,,,,7553.330078125,7553.330078125,7554.68994140625,7522.27978515625,7523.18017578125,453352000.0
2026-09-16 20:00:00+00:00,4302.5,4302.5,4312.89990234375,4296.89990234375,4311.2001953125,3721.0,100.3219985961914,100.3219985961914,100.35399627685547,100.23600006103516,100.25399780273438,0.0,17.709999084472656,17.709999084472656,17.719999313354492,17.559999465942383,17.56999969482422,0.0,,,,,,
2026-09-16 21:00:00+00:00,,,,,,,100.3219985961914,100.3219985961914,100.35399627685547,100.30000305175781,100.31999969482422,0.0,,,,,,,,,,,,
2026-09-16 22:00:00+00:00,4304.7001953125,4304.7001953125,4314.0,4294.5,4301.39990234375,0.0,100.33999633789062,100.33999633789062,100.33999633789062,100.31800079345703,100.3219985961914,0.0,,,,,,,,,,,,
2026-09-16 23:00:00+00:00,4309.7001953125,4309.7001953125,4313.7001953125,4296.7998046875,4304.0,5022.0,100.26599884033203,100.26599884033203,100.28099822998047,100.25,100.27200317382812,0.0,,,,,,,,,,,,
2026-09-17 00:00:00+00:00,4318.5,4318.5,4330.39990234375,4304.39990234375,4309.7998046875,6675.0,100.33899688720703,100.33899688720703,100.33999633789062,100.2239990234375,100.26599884033203,0.0,,,,,,,,,,,,
2026-09-17 01:00:00+00:00,4337.89990234375,4337.89990234375,4356.2001953125,4318.39990234375,4318.39990234375,11226.0,100.34500122070312,100.34500122070312,100.35199737548828,100.28299713134766,100.33999633789062,0.0,,,,,,,,,,,,
2026-09-17 02:00:00+00:00,4315.2001953125,4315.2001953125,4338.89990234375,4312.0,4338.2001953125,7058.0,100.35099792480469,100.35099792480469,100.36699676513672,100.30999755859375,100.34400177001953,0.0,,,,,,,,,,,,
2026-09-17 03:00:00+00:00,4335.39990234375,4335.39990234375,4336.0,4315.2001953125,4315.2001953125,3474.0,100.31800079345703,100.31800079345703,100.3550033569336,100.31400299072266,100.35099792480469,0.0,,,,,,,,,,,,
2026-09-17 04:00:00+00:00,4336.10009765625,4336.10009765625,4337.5,4328.7001953125,4334.2001953125,2656.0,100.2760009765625,100.2760009765625,100.33100128173828,100.27100372314453,100.32499694824219,0.0,,,,,,,,,,,,
2026-09-17 05:00:00+00:00,4342.60009765625,4342.60009765625,4343.7001953125,4323.7001953125,4335.60009765625,3259.0,100.24299621582031,100.24299621582031,100.28900146484375,100.23999786376953,100.2760009765625,0.0,,,,,,,,,,,,
2026-09-17 06:00:00+00:00,4349.5,4349.5,4353.7998046875,4342.2998046875,4342.5,5112.0,100.13300323486328,100.13300323486328,100.25399780273438,100.10099792480469,100.24400329589844,0.0,,,,,,,,,,,,
2026-09-17 07:00:00+00:00,4366.10009765625,4366.10009765625,4374.39990234375,4347.7998046875,4349.39990234375,9148.0,100.19200134277344,100.19200134277344,100.22100067138672,100.1259994506836,100.13200378417969,0.0,16.100000381469727,16.100000381469727,16.110000610351562,15.90999984741211,16.030000686645508,0.0,,,,,,
2026-09-17 08:00:00+00:00,4350.7001953125,4350.7001953125,4367.2001953125,4349.2001953125,4366.39990234375,5881.0,100.1969985961914,100.1969985961914,100.25299835205078,100.19200134277344,100.19200134277344,0.0,16.059999465942383,16.059999465942383,16.290000915527344,15.90999984741211,15.930000305175781,0.0,,,,,,
2026-09-17 09:00:00+00:00,4345.10009765625,4345.10009765625,4358.5,4343.89990234375,4351.2998046875,4906.0,100.20600128173828,100.20600128173828,100.20800018310547,100.15299987792969,100.1969985961914,0.0,16.06999969482422,16.06999969482422,16.200000762939453,15.970000267028809,16.18000030517578,0.0,,,,,,
2026-09-17 10:00:00+00:00,4363.7001953125,4363.7001953125,4364.7001953125,4343.7998046875,4345.2998046875,3767.0,100.1520004272461,100.1520004272461,100.20700073242188,100.13800048828125,100.20700073242188,0.0,15.930000305175781,15.930000305175781,16.110000610351562,15.930000305175781,16.06999969482422,0.0,,,,,,
2026-09-17 11:00:00+00:00,4390.0,4390.0,4393.5,4362.89990234375,4363.89990234375,11769.0,100.23300170898438,100.23300170898438,100.26799774169922,100.1520004272461,100.15299987792969,0.0,15.789999961853027,15.789999961853027,16.020000457763672,15.789999961853027,15.970000267028809,0.0,,,,,,
2026-09-17 12:00:00+00:00,4413.7998046875,4413.7998046875,4423.2998046875,4383.7998046875,4390.0,22391.0,100.0790023803711,100.0790023803711,100.24199676513672,100.02200317382812,100.23400115966797,0.0,15.449999809265137,15.449999809265137,16.0,15.430000305175781,15.9399995803833,0.0,,,,,,
2026-09-17 13:00:00+00:00,4407.39990234375,4407.39990234375,4415.7998046875,4395.89990234375,4413.7998046875,15138.0,100.10299682617188,100.10299682617188,100.14900207519531,100.06700134277344,100.0770034790039,0.0,15.75,15.75,15.829999923706055,15.380000114440918,15.539999961853027,0.0,,,,,,
2026-09-17 13:30:00+00:00,,,,,,,,,,,,,,,,,,,7627.85009765625,7627.85009765625,7646.60009765625,7611.81005859375,7631.43994140625,0.0
2026-09-17 14:00:00+00:00,4394.5,4394.5,4420.89990234375,4392.2001953125,4407.2998046875,12711.0,100.1520004272461,100.1520004272461,100.15799713134766,100.03600311279297,100.10299682617188,0.0,15.880000114440918,15.880000114440918,16.020000457763672,15.380000114440918,15.399999618530273,0.0,,,,,,
2026-09-17 14:30:00+00:00,,,,,,,,,,,,,,,,,,,7627.27001953125,7627.27001953125,7633.080078125,7614.7099609375,7627.7001953125,322941415.0
2026-09-17 15:00:00+00:00,4409.7998046875,4409.7998046875,4410.2001953125,4391.7998046875,4394.60009765625,8010.0,100.21800231933594,100.21800231933594,100.24800109863281,100.13300323486328,100.15299987792969,0.0,15.65999984741211,15.65999984741211,15.9399995803833,15.649999618530273,15.720000267028809,0.0,,,,,,
2026-09-17 15:30:00+00:00,,,,,,,,,,,,,,,,,,,7636.919921875,7636.919921875,7637.66015625,7626.77001953125,7627.18017578125,235837489.0
2026-09-17 16:00:00+00:00,4401.89990234375,4401.89990234375,4412.7001953125,4395.2998046875,4410.10009765625,8155.0,100.24299621582031,100.24299621582031,100.25599670410156,100.20899963378906,100.21600341796875,0.0,15.630000114440918,15.630000114440918,15.800000190734863,15.539999961853027,15.800000190734863,0.0,,,,,,
2026-09-17 16:30:00+00:00,,,,,,,,,,,,,,,,,,,7631.4599609375,7631.4599609375,7639.4599609375,7628.41015625,7636.93017578125,212292000.0
2026-09-17 17:00:00+00:00,4400.2998046875,4400.2998046875,4405.7001953125,4397.2998046875,4402.10009765625,5445.0,100.23200225830078,100.23200225830078,100.26499938964844,100.2300033569336,100.24199676513672,0.0,15.5600004196167,15.5600004196167,15.739999771118164,15.539999961853027,15.609999656677246,0.0,,,,,,
2026-09-17 17:30:00+00:00,,,,,,,,,,,,,,,,,,,7638.4501953125,7638.4501953125,7640.58984375,7630.27001953125,7631.580078125,207136000.0
2026-09-17 18:00:00+00:00,4390.89990234375,4390.89990234375,4405.60009765625,4388.10009765625,4401.2001953125,4414.0,100.24800109863281,100.24800109863281,100.26100158691406,100.2239990234375,100.23200225830078,0.0,15.579999923706055,15.579999923706055,15.65999984741211,15.520000457763672,15.65999984741211,0.0,,,,,,
2026-09-17 18:30:00+00:00,,,,,,,,,,,,,,,,,,,7637.419921875,7637.419921875,7641.75,7632.68994140625,7638.52001953125,247186000.0
2026-09-17 19:00:00+00:00,4385.2001953125,4385.2001953125,4395.39990234375,4381.60009765625,4391.2001953125,4499.0,100.21399688720703,100.21399688720703,100.24800109863281,100.19599914550781,100.24800109863281,0.0,15.430000305175781,15.430000305175781,15.600000381469727,15.40999984741211,15.529999732971191,0.0,,,,,,
2026-09-17 19:30:00+00:00,,,,,,,,,,,,,,,,,,,7637.0498046875,7637.0498046875,7646.85986328125,7636.1201171875,7637.56982421875,410753000.0
2026-09-17 20:00:00+00:00,4380.60009765625,4380.60009765625,4386.2001953125,4380.2998046875,4385.60009765625,1812.0,100.23200225830078,100.23200225830078,100.25299835205078,100.20700073242188,100.21499633789062,0.0,15.4399995803833,15.4399995803833,15.460000038146973,15.399999618530273,15.449999809265137,0.0,,,,,,
2026-09-17 21:00:00+00:00,,,,,,,100.2249984741211,100.2249984741211,100.23200225830078,100.21199798583984,100.23100280761719,0.0,,,,,,,,,,,,
2026-09-17 22:00:00+00:00,4383.0,4383.0,4388.5,4380.10009765625,4381.60009765625,0.0,100.23600006103516,100.23600006103516,100.23699951171875,100.21399688720703,100.2249984741211,0.0,,,,,,,,,,,,
2026-09-17 23:00:00+00:00,4385.0,4385.0,4387.10009765625,4378.2998046875,4383.2001953125,2562.0,100.25499725341797,100.25499725341797,100.25499725341797,100.2300033569336,100.23799896240234,0.0,,,,,,,,,,,,
2026-09-18 00:00:00+00:00,4394.89990234375,4394.89990234375,4399.5,4380.7001953125,4384.39990234375,3344.0,100.2249984741211,100.2249984741211,100.26100158691406,100.21700286865234,100.25499725341797,0.0,,,,,,,,,,,,
2026-09-18 01:00:00+00:00,4387.0,4387.0,4404.60009765625,4382.60009765625,4395.5,5269.0,100.20800018310547,100.20800018310547,100.25800323486328,100.20700073242188,100.2239990234375,0.0,,,,,,,,,,,,
2026-09-18 02:00:00+00:00,4385.39990234375,4385.39990234375,4395.10009765625,4381.7998046875,4387.0,3506.0,100.26300048828125,100.26300048828125,100.2979965209961,100.20600128173828,100.20700073242188,0.0,,,,,,,,,,,,
2026-09-18 03:00:00+00:00,4396.60009765625,4396.60009765625,4399.5,4372.2001953125,4384.7998046875,7107.0,100.23400115966797,100.23400115966797,100.27799987792969,100.22699737548828,100.26300048828125,0.0,,,,,,,,,,,,
2026-09-18 04:00:00+00:00,4406.39990234375,4406.39990234375,4406.89990234375,4391.7998046875,4397.60009765625,3435.0,100.2490005493164,100.2490005493164,100.25,100.19200134277344,100.22699737548828,0.0,,,,,,,,,,,,
2026-09-18 05:00:00+00:00,4416.89990234375,4416.89990234375,4418.10009765625,4399.7998046875,4406.7001953125,6134.0,100.31300354003906,100.31300354003906,100.31900024414062,100.24700164794922,100.24800109863281,0.0,,,,,,,,,,,,
2026-09-18 06:00:00+00:00,4433.5,4433.5,4437.10009765625,4416.7001953125,4417.0,7605.0,100.25399780273438,100.25399780273438,100.322998046875,100.21700286865234,100.31300354003906,0.0,,,,,,,,,,,,
2026-09-18 07:00:00+00:00,4433.2998046875,4433.2998046875,4439.7998046875,4429.0,4433.2001953125,5775.0,100.30699920654297,100.30699920654297,100.33999633789062,100.23400115966797,100.25299835205078,0.0,15.119999885559082,15.119999885559082,15.119999885559082,14.989999771118164,15.069999694824219,0.0,,,,,,
2026-09-18 08:00:00+00:00,4432.10009765625,4432.10009765625,4438.2998046875,4424.89990234375,4433.2001953125,4536.0,100.3489990234375,100.3489990234375,100.38800048828125,100.28099822998047,100.30799865722656,0.0,15.220000267028809,15.220000267028809,15.289999961853027,14.989999771118164,15.010000228881836,0.0,,,,,,
2026-09-18 09:00:00+00:00,4416.10009765625,4416.10009765625,4438.2998046875,4413.10009765625,4432.2998046875,5680.0,100.3550033569336,100.3550033569336,100.37200164794922,100.33399963378906,100.3479995727539,0.0,15.350000381469727,15.350000381469727,15.350000381469727,15.170000076293945,15.279999732971191,0.0,,,,,,
2026-09-18 10:00:00+00:00,4421.2998046875,4421.2998046875,4422.2001953125,4415.5,4416.39990234375,2837.0,100.41200256347656,100.41200256347656,100.447998046875,100.33499908447266,100.3550033569336,0.0,15.300000190734863,15.300000190734863,15.369999885559082,15.229999542236328,15.229999542236328,0.0,,,,,,
2026-09-18 11:00:00+00:00,4420.7998046875,4420.7998046875,4428.10009765625,4411.39990234375,4421.2001953125,5523.0,100.50499725341797,100.50499725341797,100.53600311279297,100.39099884033203,100.41100311279297,0.0,15.399999618530273,15.399999618530273,15.4399995803833,15.25,15.359999656677246,0.0,,,,,,
2026-09-18 12:00:00+00:00,4407.60009765625,4407.60009765625,4421.89990234375,4392.39990234375,4420.89990234375,11060.0,100.45099639892578,100.45099639892578,100.56400299072266,100.24800109863281,100.50499725341797,0.0,15.529999732971191,15.529999732971191,15.609999656677246,15.319999694824219,15.430000305175781,0.0,,,,,,
2026-09-18 13:00:00+00:00,4387.60009765625,4387.60009765625,4414.5,4385.60009765625,4408.0,11978.0,100.52899932861328,100.52899932861328,100.53399658203125,100.44200134277344,100.44999694824219,0.0,15.380000114440918,15.380000114440918,15.59000015258789,15.1899995803833,15.579999923706055,0.0,,,,,,
2026-09-18 13:30:00+00:00,,,,,,,,,,,,,,,,,,,7623.97998046875,7623.97998046875,7657.169921875,7618.43994140625,7657.169921875,0.0
2026-09-18 14:00:00+00:00,4391.5,4391.5,4400.10009765625,4381.0,4387.5,11611.0,100.45500183105469,100.45500183105469,100.53299713134766,100.39900207519531,100.52899932861328,0.0,15.289999961853027,15.289999961853027,15.569999694824219,15.1899995803833,15.260000228881836,0.0,,,,,,
2026-09-18 14:30:00+00:00,,,,,,,,,,,,,,,,,,,7630.22998046875,7630.22998046875,7631.02978515625,7619.2900390625,7623.85986328125,292569882.0
2026-09-18 15:00:00+00:00,4395.0,4395.0,4396.60009765625,4386.10009765625,4391.2001953125,7113.0,100.38500213623047,100.38500213623047,100.46800231933594,100.33999633789062,100.4540023803711,0.0,15.430000305175781,15.430000305175781,15.489999771118164,15.199999809265137,15.449999809265137,0.0,,,,,,
2026-09-18 15:30:00+00:00,,,,,,,,,,,,,,,,,,,7618.1298828125,7618.1298828125,7631.27001953125,7610.52001953125,7630.2001953125,232068000.0
2026-09-18 16:00:00+00:00,4421.10009765625,4421.10009765625,4422.60009765625,4393.39990234375,4395.2001953125,9530.0,100.2979965209961,100.2979965209961,100.39199829101562,100.28299713134766,100.38700103759766,0.0,15.40999984741211,15.40999984741211,15.630000114440918,15.210000038146973,15.210000038146973,0.0,,,,,,
2026-09-18 16:30:00+00:00,,,,,,,,,,,,,,,,,,,7624.64990234375,7624.64990234375,7626.18017578125,7616.52001953125,7618.08984375,197470000.0
2026-09-18 17:00:00+00:00,4431.2998046875,4431.2998046875,4435.2001953125,4419.89990234375,4421.2001953125,8838.0,100.23699951171875,100.23699951171875,100.2979965209961,100.20600128173828,100.2979965209961,0.0,15.239999771118164,15.239999771118164,15.510000228881836,15.239999771118164,15.470000267028809,0.0,,,,,,
2026-09-18 17:30:00+00:00,,,,,,,,,,,,,,,,,,,7634.58984375,7634.58984375,7637.759765625,7622.7998046875,7624.64013671875,199711000.0
2026-09-18 18:00:00+00:00,4420.7998046875,4420.7998046875,4432.89990234375,4418.2001953125,4431.39990234375,4815.0,100.22200012207031,100.22200012207031,100.24700164794922,100.21800231933594,100.23600006103516,0.0,14.989999771118164,14.989999771118164,15.390000343322754,14.930000305175781,15.380000114440918,0.0,,,,,,
2026-09-18 18:30:00+00:00,,,,,,,,,,,,,,,,,,,7638.68017578125,7638.68017578125,7648.0498046875,7632.7998046875,7634.77978515625,275524000.0
2026-09-18 19:00:00+00:00,4415.60009765625,4415.60009765625,4424.2998046875,4413.5,4420.7001953125,4184.0,100.2030029296875,100.2030029296875,100.2249984741211,100.16500091552734,100.22100067138672,0.0,14.890000343322754,14.890000343322754,15.149999618530273,14.8100004196167,15.130000114440918,0.0,,,,,,
2026-09-18 19:30:00+00:00,,,,,,,,,,,,,,,,,,,7646.0400390625,7646.0400390625,7651.39990234375,7636.740234375,7638.669921875,570667000.0
2026-09-18 20:00:00+00:00,4424.89990234375,4424.89990234375,4424.89990234375,4414.39990234375,4415.60009765625,2172.0,100.21499633789062,100.21499633789062,100.2229995727539,100.18599700927734,100.2040023803711,0.0,14.8100004196167,14.8100004196167,14.899999618530273,14.800000190734863,14.899999618530273,0.0,,,,,,
2026-09-20 22:00:00+00:00,4412.10009765625,4412.10009765625,4417.7998046875,4412.0,4415.0,1331.0,100.26699829101562,100.26699829101562,100.26699829101562,100.2030029296875,100.25199890136719,0.0,,,,,,,,,,,,
2026-09-20 23:00:00+00:00,4411.60009765625,4411.60009765625,4414.7998046875,4406.89990234375,4412.2001953125,1537.0,100.2770004272461,100.2770004272461,100.29000091552734,100.25599670410156,100.26799774169922,0.0,,,,,,,,,,,,
2026-09-21 00:00:00+00:00,4404.7998046875,4404.7998046875,4414.2998046875,4396.39990234375,4411.5,4771.0,100.25599670410156,100.25599670410156,100.2959976196289,100.20800018310547,100.27899932861328,0.0,,,,,,,,,,,,
2026-09-21 01:00:00+00:00,4415.7001953125,4415.7001953125,4422.10009765625,4404.7998046875,4404.7998046875,6000.0,100.22799682617188,100.22799682617188,100.25800323486328,100.20099639892578,100.25700378417969,0.0,,,,,,,,,,,,
2026-09-21 02:00:00+00:00,4401.5,4401.5,4416.2001953125,4399.0,4416.0,4445.0,100.29000091552734,100.29000091552734,100.29399871826172,100.22799682617188,100.22899627685547,0.0,,,,,,,,,,,,
2026-09-21 03:00:00+00:00,4395.7998046875,4395.7998046875,4406.0,4395.39990234375,4401.7001953125,3875.0,100.30899810791016,100.30899810791016,100.31199645996094,100.27799987792969,100.29000091552734,0.0,,,,,,,,,,,,
2026-09-21 04:00:00+00:00,4393.10009765625,4393.10009765625,4402.89990234375,4392.2001953125,4396.7998046875,2440.0,100.31600189208984,100.31600189208984,100.33100128173828,100.29399871826172,100.30599975585938,0.0,,,,,,,,,,,,
2026-09-21 05:00:00+00:00,4388.0,4388.0,4399.2998046875,4386.2998046875,4392.89990234375,4422.0,100.33699798583984,100.33699798583984,100.3499984741211,100.3010025024414,100.31600189208984,0.0,,,,,,,,,,,,
2026-09-21 06:00:00+00:00,4390.7001953125,4390.7001953125,4393.10009765625,4383.5,4387.89990234375,4104.0,100.33200073242188,100.33200073242188,100.3550033569336,100.30000305175781,100.33699798583984,0.0,,,,,,,,,,,,
2026-09-21 07:00:00+00:00,4381.60009765625,4381.60009765625,4393.7001953125,4379.0,4390.7998046875,6378.0,100.33399963378906,100.33399963378906,100.375,100.31300354003906,100.33200073242188,0.0,14.9399995803833,14.9399995803833,14.989999771118164,14.920000076293945,14.960000038146973,0.0,,,,,,
2026-09-21 08:00:00+00:00,4390.7001953125,4390.7001953125,4395.2001953125,4380.7998046875,4381.5,4269.0,100.30799865722656,100.30799865722656,100.34100341796875,100.25700378417969,100.33300018310547,0.0,14.970000267028809,14.970000267028809,14.989999771118164,14.899999618530273,14.960000038146973,0.0,,,,,,
2026-09-21 09:00:00+00:00,4383.60009765625,4383.60009765625,4392.39990234375,4377.5,4390.7001953125,5269.0,100.31300354003906,100.31300354003906,100.33899688720703,100.29399871826172,100.30799865722656,0.0,14.920000076293945,14.920000076293945,14.989999771118164,14.899999618530273,14.949999809265137,0.0,,,,,,
2026-09-21 10:00:00+00:00,4380.39990234375,4380.39990234375,4394.60009765625,4380.10009765625,4383.39990234375,2999.0,100.31400299072266,100.31400299072266,100.31700134277344,100.27799987792969,100.31199645996094,0.0,14.890000343322754,14.890000343322754,14.979999542236328,14.850000381469727,14.970000267028809,0.0,,,,,,
2026-09-21 11:00:00+00:00,4407.2998046875,4407.2998046875,4409.39990234375,4379.5,4380.2001953125,5402.0,100.2229995727539,100.2229995727539,100.31400299072266,100.21199798583984,100.31099700927734,0.0,14.8100004196167,14.8100004196167,14.899999618530273,14.779999732971191,14.880000114440918,0.0,,,,,,
2026-09-21 12:00:00+00:00,4397.39990234375,4397.39990234375,4413.0,4388.7001953125,4407.10009765625,9693.0,100.25700378417969,100.25700378417969,100.27799987792969,100.17900085449219,100.2229995727539,0.0,14.880000114440918,14.880000114440918,14.880000114440918,14.760000228881836,14.869999885559082,0.0,,,,,,
2026-09-21 13:00:00+00:00,4383.7998046875,4383.7998046875,4407.7998046875,4383.60009765625,4397.2001953125,9953.0,100.36399841308594,100.36399841308594,100.37100219726562,100.2509994506836,100.25700378417969,0.0,14.869999885559082,14.869999885559082,14.930000305175781,14.8100004196167,14.880000114440918,0.0,,,,,,
2026-09-21 13:30:00+00:00,,,,,,,,,,,,,,,,,,,7720.72998046875,7720.72998046875,7723.18017578125,7691.18994140625,7692.830078125,0.0
2026-09-21 14:00:00+00:00,4376.89990234375,4376.89990234375,4384.7998046875,4360.2998046875,4383.7001953125,19633.0,100.36499786376953,100.36499786376953,100.41300201416016,100.33399963378906,100.36299896240234,0.0,14.600000381469727,14.600000381469727,14.930000305175781,14.600000381469727,14.84000015258789,0.0,,,,,,
2026-09-21 14:30:00+00:00,,,,,,,,,,,,,,,,,,,7728.81982421875,7728.81982421875,7732.0498046875,7717.990234375,7720.81005859375,361369142.0
2026-09-21 15:00:00+00:00,4386.2998046875,4386.2998046875,4394.60009765625,4377.0,4377.10009765625,9045.0,100.40499877929688,100.40499877929688,100.41400146484375,100.3550033569336,100.36499786376953,0.0,14.880000114440918,14.880000114440918,14.970000267028809,14.600000381469727,14.8100004196167,0.0,,,,,,
2026-09-21 15:30:00+00:00,,,,,,,,,,,,,,,,,,,7748.91015625,7748.91015625,7750.58984375,7727.97998046875,7728.83984375,290914000.0
2026-09-21 16:00:00+00:00,4381.39990234375,4381.39990234375,4395.7001953125,4381.0,4386.5,7896.0,100.39399719238281,100.39399719238281,100.41600036621094,100.35700225830078,100.40599822998047,0.0,15.010000228881836,15.010000228881836,15.130000114440918,14.770000457763672,14.789999961853027,0.0,,,,,,
2026-09-21 16:30:00+00:00,,,,,,,,,,,,,,,,,,,7758.1201171875,7758.1201171875,7760.10009765625,7748.72998046875,7748.85986328125,249125000.0
2026-09-21 17:00:00+00:00,4383.0,4383.0,4385.2998046875,4375.7001953125,4381.5,7202.0,100.41600036621094,100.41600036621094,100.41799926757812,100.38200378417969,100.39299774169922,0.0,15.0600004196167,15.0600004196167,15.130000114440918,14.949999809265137,15.020000457763672,0.0,,,,,,
2026-09-21 17:30:00+00:00,,,,,,,,,,,,,,,,,,,7768.77001953125,7768.77001953125,7769.64013671875,7753.14013671875,7758.25,272978000.0
2026-09-21 18:00:00+00:00,4384.39990234375,4384.39990234375,4390.89990234375,4382.2001953125,4383.0,4542.0,100.42900085449219,100.42900085449219,100.45099639892578,100.40499877929688,100.41699981689453,0.0,15.020000457763672,15.020000457763672,15.069999694824219,14.989999771118164,15.010000228881836,0.0,,,,,,
2026-09-21 18:30:00+00:00,,,,,,,,,,,,,,,,,,,7771.27001953125,7771.27001953125,7775.81982421875,7766.2001953125,7768.75,294167000.0
2026-09-21 19:00:00+00:00,4383.0,4383.0,4391.89990234375,4380.39990234375,4384.2998046875,3882.0,100.4280014038086,100.4280014038086,100.43399810791016,100.38300323486328,100.42900085449219,0.0,14.789999961853027,14.789999961853027,15.050000190734863,14.770000457763672,15.039999961853027,0.0,,,,,,
2026-09-21 19:30:00+00:00,,,,,,,,,,,,,,,,,,,7764.22021484375,7764.22021484375,7779.22021484375,7764.22021484375,7771.22998046875,427587000.0
2026-09-21 20:00:00+00:00,4381.0,4381.0,4383.2998046875,4377.2998046875,4383.0,1437.0,100.4260025024414,100.4260025024414,100.43499755859375,100.41400146484375,100.42900085449219,0.0,14.859999656677246,14.859999656677246,14.869999885559082,14.779999732971191,14.800000190734863,0.0,,,,,,
2026-09-21 21:00:00+00:00,,,,,,,100.4020004272461,100.4020004272461,100.42500305175781,100.39199829101562,100.42500305175781,0.0,,,,,,,,,,,,
2026-09-21 22:00:00+00:00,4398.7001953125,4398.7001953125,4402.7998046875,4382.0,4382.5,0.0,100.42500305175781,100.42500305175781,100.42500305175781,100.4010009765625,100.4020004272461,0.0,,,,,,,,,,,,
2026-09-21 23:00:00+00:00,4406.7998046875,4406.7998046875,4408.60009765625,4395.5,4398.7001953125,6083.0,100.42500305175781,100.42500305175781,100.427001953125,100.41300201416016,100.41699981689453,0.0,,,,,,,,,,,,
2026-09-22 00:00:00+00:00,4397.7001953125,4397.7001953125,4414.10009765625,4385.89990234375,4407.0,5693.0,100.37799835205078,100.37799835205078,100.42500305175781,100.36499786376953,100.42400360107422,0.0,,,,,,,,,,,,
2026-09-22 01:00:00+00:00,4385.89990234375,4385.89990234375,4402.5,4380.60009765625,4397.60009765625,5104.0,100.4520034790039,100.4520034790039,100.45600128173828,100.3759994506836,100.37799835205078,0.0,,,,,,,,,,,,
2026-09-22 02:00:00+00:00,4381.7998046875,4381.7998046875,4392.7998046875,4376.2998046875,4386.2001953125,5885.0,100.39299774169922,100.39299774169922,100.4530029296875,100.37999725341797,100.4520034790039,0.0,,,,,,,,,,,,
2026-09-22 03:00:00+00:00,4379.10009765625,4379.10009765625,4386.60009765625,4376.5,4381.60009765625,2830.0,100.35900115966797,100.35900115966797,100.40299987792969,100.34100341796875,100.39299774169922,0.0,,,,,,,,,,,,
2026-09-22 04:00:00+00:00,4379.5,4379.5,4379.7998046875,4371.39990234375,4378.5,3657.0,100.3290023803711,100.3290023803711,100.3740005493164,100.3270034790039,100.36100006103516,0.0,,,,,,,,,,,,
2026-09-22 05:00:00+00:00,4360.2998046875,4360.2998046875,4384.2001953125,4352.7001953125,4379.60009765625,9907.0,100.37000274658203,100.37000274658203,100.37899780273438,100.3270034790039,100.3280029296875,0.0,,,,,,,,,,,,
2026-09-22 06:00:00+00:00,4355.0,4355.0,4361.0,4351.7998046875,4360.39990234375,5303.0,100.43000030517578,100.43000030517578,100.4729995727539,100.37100219726562,100.37100219726562,0.0,,,,,,,,,,,,
2026-09-22 07:00:00+00:00,4337.5,4337.5,4361.0,4335.5,4354.2998046875,8602.0,100.56600189208984,100.56600189208984,100.56600189208984,100.4260025024414,100.427001953125,0.0,14.800000190734863,14.800000190734863,14.8100004196167,14.640000343322754,14.640000343322754,0.0,,,,,,
2026-09-22 08:00:00+00:00,4367.2998046875,4367.2998046875,4372.7001953125,4327.60009765625,4337.2001953125,14011.0,100.44100189208984,100.44100189208984,100.66699981689453,100.36199951171875,100.56500244140625,0.0,14.859999656677246,14.859999656677246,14.949999809265137,14.670000076293945,14.670000076293945,0.0,,,,,,
2026-09-22 09:00:00+00:00,4374.10009765625,4374.10009765625,4375.2998046875,4349.0,4366.2998046875,10880.0,100.33699798583984,100.33699798583984,100.51899719238281,100.33300018310547,100.44200134277344,0.0,14.800000190734863,14.800000190734863,14.949999809265137,14.760000228881836,14.930000305175781,0.0,,,,,,
2026-09-22 10:00:00+00:00,4359.0,4359.0,4375.2998046875,4359.0,4373.7998046875,4281.0,100.35399627685547,100.35399627685547,100.4020004272461,100.30699920654297,100.33599853515625,0.0,14.8100004196167,14.8100004196167,14.890000343322754,14.760000228881836,14.890000343322754,0.0,,,,,,
2026-09-22 11:00:00+00:00,4359.89990234375,4359.89990234375,4360.7998046875,4346.2998046875,4358.7998046875,6935.0,100.40599822998047,100.40599822998047,100.43099975585938,100.35199737548828,100.3550033569336,0.0,14.699999809265137,14.699999809265137,14.850000381469727,14.680000305175781,14.84000015258789,0.0,,,,,,
2026-09-22 12:00:00+00:00,4371.5,4371.5,4381.39990234375,4357.10009765625,4360.2001953125,10166.0,100.46299743652344,100.46299743652344,100.47200012207031,100.36499786376953,100.40599822998047,0.0,14.649999618530273,14.649999618530273,14.739999771118164,14.630000114440918,14.739999771118164,0.0,,,,,,
2026-09-22 13:00:00+00:00,4371.0,4371.0,4381.89990234375,4365.2001953125,4371.60009765625,12165.0,100.48100280761719,100.48100280761719,100.49700164794922,100.4219970703125,100.46399688720703,0.0,14.619999885559082,14.619999885559082,14.729999542236328,14.609999656677246,14.649999618530273,0.0,,,,,,
2026-09-22 13:30:00+00:00,,,,,,,,,,,,,,,,,,,7766.4501953125,7766.4501953125,7782.18994140625,7766.0400390625,7770.81005859375,0.0
2026-09-22 14:00:00+00:00,4365.2998046875,4365.2998046875,4376.39990234375,4351.7998046875,4370.7998046875,14992.0,100.56300354003906,100.56300354003906,100.58699798583984,100.47100067138672,100.48200225830078,0.0,14.40999984741211,14.40999984741211,14.729999542236328,14.380000114440918,14.649999618530273,0.0,,,,,,
2026-09-22 14:30:00+00:00,,,,,,,,,,,,,,,,,,,7763.81005859375,7763.81005859375,7772.81005859375,7760.22021484375,7766.3701171875,356325091.0
2026-09-22 15:00:00+00:00,4368.7001953125,4368.7001953125,4378.2998046875,4362.60009765625,4365.5,9180.0,100.68299865722656,100.68299865722656,100.69000244140625,100.55799865722656,100.56300354003906,0.0,14.369999885559082,14.369999885559082,14.489999771118164,14.289999961853027,14.449999809265137,0.0,,,,,,
2026-09-22 15:30:00+00:00,,,,,,,,,,,,,,,,,,,7759.6298828125,7759.6298828125,7764.56982421875,7756.259765625,7763.580078125,269662738.0
2026-09-22 16:00:00+00:00,4374.10009765625,4374.10009765625,4379.7998046875,4359.7998046875,4368.60009765625,7232.0,100.63600158691406,100.63600158691406,100.7030029296875,100.625,100.68399810791016,0.0,14.279999732971191,14.279999732971191,14.399999618530273,14.220000267028809,14.300000190734863,0.0,,,,,,
2026-09-22 16:30:00+00:00,,,,,,,,,,,,,,,,,,,7765.39013671875,7765.39013671875,7767.16015625,7758.3798828125,7759.56005859375,232624000.0
2026-09-22 17:00:00+00:00,4388.89990234375,4388.89990234375,4391.2998046875,4372.5,4374.0,8707.0,100.61599731445312,100.61599731445312,100.69300079345703,100.59400177001953,100.63600158691406,0.0,14.270000457763672,14.270000457763672,14.300000190734863,14.1899995803833,14.260000228881836,0.0,,,,,,
2026-09-22 17:30:00+00:00,,,,,,,,,,,,,,,,,,,7771.60986328125,7771.60986328125,7773.85009765625,7761.1298828125,7765.41015625,262350000.0
2026-09-22 18:00:00+00:00,4390.89990234375,4390.89990234375,4398.7998046875,4385.5,4388.7998046875,8284.0,100.60099792480469,100.60099792480469,100.62999725341797,100.58000183105469,100.61799621582031,0.0,14.229999542236328,14.229999542236328,14.300000190734863,14.1899995803833,14.279999732971191,0.0,,,,,,
2026-09-22 18:30:00+00:00,,,,,,,,,,,,,,,,,,,7773.93017578125,7773.93017578125,7774.85986328125,7766.830078125,7771.580078125,334645000.0
2026-09-22 19:00:00+00:00,4401.7998046875,4401.7998046875,4409.60009765625,4390.7001953125,4391.10009765625,8406.0,100.5469970703125,100.5469970703125,100.6050033569336,100.48100280761719,100.60099792480469,0.0,14.279999732971191,14.279999732971191,14.3100004196167,14.1899995803833,14.279999732971191,0.0,,,,,,
2026-09-22 19:30:00+00:00,,,,,,,,,,,,,,,,,,,7764.27001953125,7764.27001953125,7779.2099609375,7763.830078125,7773.97998046875,427318000.0
2026-09-22 20:00:00+00:00,4396.2001953125,4396.2001953125,4402.5,4393.5,4402.10009765625,3169.0,100.54199981689453,100.54199981689453,100.55000305175781,100.5199966430664,100.5479965209961,0.0,14.210000038146973,14.210000038146973,14.289999961853027,14.199999809265137,14.289999961853027,0.0,,,,,,
2026-09-22 21:00:00+00:00,,,,,,,100.53099822998047,100.53099822998047,100.5530014038086,100.52400207519531,100.54100036621094,0.0,,,,,,,,,,,,
2026-09-22 22:00:00+00:00,4400.60009765625,4400.60009765625,4403.7998046875,4394.7001953125,4394.7001953125,0.0,100.54100036621094,100.54100036621094,100.5479965209961,100.53099822998047,100.53099822998047,0.0,,,,,,,,,,,,
2026-09-22 23:00:00+00:00,4402.0,4402.0,4404.10009765625,4396.39990234375,4400.7998046875,2196.0,100.552001953125,100.552001953125,100.55999755859375,100.54399871826172,100.55999755859375,0.0,,,,,,,,,,,,
2026-09-23 00:00:00+00:00,4394.7998046875,4394.7998046875,4407.5,4392.2998046875,4401.39990234375,4365.0,100.57599639892578,100.57599639892578,100.58399963378906,100.54499816894531,100.552001953125,0.0,,,,,,,,,,,,
2026-09-23 01:00:00+00:00,4378.2998046875,4378.2998046875,4396.60009765625,4375.89990234375,4395.0,5485.0,100.63200378417969,100.63200378417969,100.6520004272461,100.57599639892578,100.5770034790039,0.0,,,,,,,,,,,,
2026-09-23 02:00:00+00:00,4370.7001953125,4370.7001953125,4378.2998046875,4370.10009765625,4378.2001953125,3487.0,100.677001953125,100.677001953125,100.68399810791016,100.63200378417969,100.63200378417969,0.0,,,,,,,,,,,,
2026-09-23 03:00:00+00:00,4380.0,4380.0,4382.39990234375,4370.0,4370.7001953125,2627.0,100.72100067138672,100.72100067138672,100.72100067138672,100.67400360107422,100.677001953125,0.0,,,,,,,,,,,,
2026-09-23 04:00:00+00:00,4381.0,4381.0,4384.39990234375,4379.2001953125,4379.39990234375,1536.0,100.71700286865234,100.71700286865234,100.73200225830078,100.68800354003906,100.7249984741211,0.0,,,,,,,,,,,,
2026-09-23 05:00:00+00:00,4372.2998046875,4372.2998046875,4382.89990234375,4365.10009765625,4381.2001953125,3893.0,100.7300033569336,100.7300033569336,100.75,100.6989974975586,100.71600341796875,0.0,,,,,,,,,,,,
2026-09-23 06:00:00+00:00,4368.5,4368.5,4374.10009765625,4363.2998046875,4371.7998046875,4129.0,100.74500274658203,100.74500274658203,100.76300048828125,100.70700073242188,100.73100280761719,0.0,,,,,,,,,,,,
2026-09-23 07:00:00+00:00,4356.2001953125,4356.2001953125,4369.60009765625,4355.10009765625,4367.7998046875,7112.0,100.80500030517578,100.80500030517578,100.81300354003906,100.73999786376953,100.74400329589844,0.0,14.170000076293945,14.170000076293945,14.199999809265137,14.149999618530273,14.15999984741211,0.0,,,,,,
2026-09-23 08:00:00+00:00,4355.0,4355.0,4359.7998046875,4352.2001953125,4356.2001953125,4430.0,100.80000305175781,100.80000305175781,100.86199951171875,100.76100158691406,100.80400085449219,0.0,14.140000343322754,14.140000343322754,14.1899995803833,14.119999885559082,14.170000076293945,0.0,,,,,,
2026-09-23 09:00:00+00:00,4350.60009765625,4350.60009765625,4357.2998046875,4345.2998046875,4354.89990234375,4276.0,100.88400268554688,100.88400268554688,100.88500213623047,100.79000091552734,100.8010025024414,0.0,14.180000305175781,14.180000305175781,14.1899995803833,14.119999885559082,14.15999984741211,0.0,,,,,,
2026-09-23 10:00:00+00:00,4352.5,4352.5,4356.0,4349.0,4351.10009765625,3232.0,100.8270034790039,100.8270034790039,100.88999938964844,100.8270034790039,100.88300323486328,0.0,14.170000076293945,14.170000076293945,14.1899995803833,14.140000343322754,14.140000343322754,0.0,,,,,,
2026-09-23 11:00:00+00:00,4346.2998046875,4346.2998046875,4354.0,4330.89990234375,4352.10009765625,7047.0,100.87300109863281,100.87300109863281,100.92500305175781,100.802001953125,100.8280029296875,0.0,14.289999961853027,14.289999961853027,14.380000114440918,14.149999618530273,14.180000305175781,0.0,,,,,,
2026-09-23 12:00:00+00:00,4346.2998046875,4346.2998046875,4355.60009765625,4337.2001953125,4346.39990234375,9136.0,100.8949966430664,100.8949966430664,100.96700286865234,100.86900329589844,100.87300109863281,0.0,14.289999961853027,14.289999961853027,14.380000114440918,14.25,14.25,0.0,,,,,,
2026-09-23 13:00:00+00:00,4320.39990234375,4320.39990234375,4350.60009765625,4317.2998046875,4346.2998046875,17623.0,101.01899719238281,101.01899719238281,101.06199645996094,100.83000183105469,100.8949966430664,0.0,14.420000076293945,14.420000076293945,14.420000076293945,14.170000076293945,14.300000190734863,0.0,,,,,,
2026-09-23 13:30:00+00:00,,,,,,,,,,,,,,,,,,,7718.14013671875,7718.14013671875,7761.93994140625,7713.2998046875,7761.93994140625,0.0
2026-09-23 14:00:00+00:00,4330.60009765625,4330.60009765625,4335.0,4313.89990234375,4320.10009765625,19130.0,100.97899627685547,100.97899627685547,101.12200164794922,100.93900299072266,101.02100372314453,0.0,14.489999771118164,14.489999771118164,14.859999656677246,14.170000076293945,14.210000038146973,0.0,,,,,,
2026-09-23 14:30:00+00:00,,,,,,,,,,,,,,,,,,,7720.0498046875,7720.0498046875,7735.0498046875,7717.490234375,7717.7900390625,342624451.0
2026-09-23 15:00:00+00:00,4318.2998046875,4318.2998046875,4333.60009765625,4313.2998046875,4330.60009765625,10267.0,101.05899810791016,101.05899810791016,101.10299682617188,100.97599792480469,100.9800033569336,0.0,14.779999732971191,14.779999732971191,14.850000381469727,14.430000305175781,14.760000228881836,0.0,,,,,,
2026-09-23 15:30:00+00:00,,,,,,,,,,,,,,,,,,,7713.83984375,7713.83984375,7723.10986328125,7711.47021484375,7720.259765625,259969746.0
2026-09-23 16:00:00+00:00,4321.10009765625,4321.10009765625,4326.10009765625,4314.5,4318.2998046875,6150.0,101.1729965209961,101.1729965209961,101.18800354003906,101.03600311279297,101.05799865722656,0.0,15.109999656677246,15.109999656677246,15.1899995803833,14.680000305175781,14.710000038146973,0.0,,,,,,
2026-09-23 16:30:00+00:00,,,,,,,,,,,,,,,,,,,7702.8701171875,7702.8701171875,7716.7998046875,7694.89013671875,7713.91015625,244097000.0
2026-09-23 17:00:00+00:00,4329.5,4329.5,4330.0,4310.7001953125,4321.2001953125,11378.0,101.04299926757812,101.04299926757812,101.23100280761719,101.03700256347656,101.1729965209961,0.0,15.010000228881836,15.010000228881836,15.449999809265137,14.789999961853027,14.829999923706055,0.0,,,,,,
2026-09-23 17:30:00+00:00,,,,,,,,,,,,,,,,,,,7712.7900390625,7712.7900390625,7719.91015625,7701.14990234375,7702.9599609375,232961000.0
2026-09-23 18:00:00+00:00,4326.7998046875,4326.7998046875,4331.5,4319.0,4329.60009765625,3540.0,101.09600067138672,101.09600067138672,101.14099884033203,101.02999877929688,101.04399871826172,0.0,14.960000038146973,14.960000038146973,15.399999618530273,14.920000076293945,15.34000015258789,0.0,,,,,,
2026-09-23 18:30:00+00:00,,,,,,,,,,,,,,,,,,,7705.9599609375,7705.9599609375,7712.89013671875,7704.16015625,7712.72021484375,268646000.0
2026-09-23 19:00:00+00:00,4320.60009765625,4320.60009765625,4329.89990234375,4317.2998046875,4326.7001953125,4578.0,101.11299896240234,101.11299896240234,101.12699890136719,101.07599639892578,101.09600067138672,0.0,15.220000267028809,15.220000267028809,15.380000114440918,14.930000305175781,14.949999809265137,0.0,,,,,,
2026-09-23 19:30:00+00:00,,,,,,,,,,,,,,,,,,,7708.5498046875,7708.5498046875,7710.990234375,7695.5400390625,7706.02001953125,456668000.0
2026-09-23 20:00:00+00:00,4322.7001953125,4322.7001953125,4326.5,4318.39990234375,4320.2998046875,3050.0,101.12699890136719,101.12699890136719,101.14600372314453,101.08899688720703,101.11299896240234,0.0,15.170000076293945,15.170000076293945,15.210000038146973,15.15999984741211,15.199999809265137,0.0,,,,,,
2026-09-23 21:00:00+00:00,4322.7001953125,4322.7001953125,4322.7001953125,4322.7001953125,4322.7001953125,1.0,101.125,101.125,101.14199829101562,101.08799743652344,101.12699890136719,0.0,,,,,,,,,,,,
2026-09-23 22:00:00+00:00,4324.2001953125,4324.2001953125,4328.7998046875,4320.89990234375,4324.39990234375,0.0,101.11499786376953,101.11499786376953,101.125,101.11399841308594,101.125,0.0,,,,,,,,,,,,
2026-09-23 23:00:00+00:00,4323.7998046875,4323.7998046875,4328.7998046875,4320.2001953125,4324.0,2047.0,101.13400268554688,101.13400268554688,101.14600372314453,101.11399841308594,101.11399841308594,0.0,,,,,,,,,,,,
2026-09-24 00:00:00+00:00,4333.7001953125,4333.7001953125,4334.60009765625,4319.0,4324.10009765625,3445.0,101.15899658203125,101.15899658203125,101.21900177001953,101.10900115966797,101.13400268554688,0.0,,,,,,,,,,,,
2026-09-24 01:00:00+00:00,4314.7998046875,4314.7998046875,4338.0,4312.60009765625,4333.7998046875,7151.0,101.13899993896484,101.13899993896484,101.16500091552734,101.09400177001953,101.15799713134766,0.0,,,,,,,,,,,,
2026-09-24 02:00:00+00:00,4325.7001953125,4325.7001953125,4332.0,4308.0,4314.0,8692.0,101.08000183105469,101.08000183105469,101.1969985961914,101.0719985961914,101.13800048828125,0.0,,,,,,,,,,,,
2026-09-24 03:00:00+00:00,4318.89990234375,4318.89990234375,4328.7001953125,4315.60009765625,4325.39990234375,3021.0,101.14199829101562,101.14199829101562,101.14700317382812,101.06199645996094,101.08000183105469,0.0,,,,,,,,,,,,
2026-09-24 04:00:00+00:00,4324.2998046875,4324.2998046875,4325.10009765625,4316.39990234375,4320.10009765625,1482.0,101.08100128173828,101.08100128173828,101.15399932861328,101.06400299072266,101.13800048828125,0.0,,,,,,,,,,,,
2026-09-24 05:00:00+00:00,4313.60009765625,4313.60009765625,4331.2001953125,4312.0,4324.39990234375,3081.0,101.16799926757812,101.16799926757812,101.16999816894531,101.05999755859375,101.08000183105469,0.0,,,,,,,,,,,,
2026-09-24 06:00:00+00:00,4311.2998046875,4311.2998046875,4321.2998046875,4309.0,4313.7998046875,4797.0,101.11399841308594,101.11399841308594,101.16799926757812,101.06400299072266,101.16699981689453,0.0,,,,,,,,,,,,
2026-09-24 07:00:00+00:00,4313.2998046875,4313.2998046875,4323.0,4309.0,4311.2001953125,4374.0,101.06300354003906,101.06300354003906,101.12999725341797,101.00700378417969,101.11299896240234,0.0,15.979999542236328,15.979999542236328,15.979999542236328,15.770000457763672,15.829999923706055,0.0,,,,,,
2026-09-24 08:00:00+00:00,4295.5,4295.5,4320.2998046875,4295.0,4313.39990234375,9339.0,101.16500091552734,101.16500091552734,101.1780014038086,101.0009994506836,101.06199645996094,0.0,16.290000915527344,16.290000915527344,16.360000610351562,15.90999984741211,15.979999542236328,0.0,,,,,,
2026-09-24 09:00:00+00:00,4289.7001953125,4289.7001953125,4301.7001953125,4285.0,4295.5,6193.0,101.21700286865234,101.21700286865234,101.24299621582031,101.16400146484375,101.16600036621094,0.0,16.350000381469727,16.350000381469727,16.56999969482422,16.190000534057617,16.280000686645508,0.0,,,,,,
2026-09-24 10:00:00+00:00,4292.5,4292.5,4299.39990234375,4278.2998046875,4289.60009765625,9544.0,101.23300170898438,101.23300170898438,101.31500244140625,101.20500183105469,101.21800231933594,0.0,16.09000015258789,16.09000015258789,16.420000076293945,16.049999237060547,16.350000381469727,0.0,,,,,,
2026-09-24 11:00:00+00:00,4300.39990234375,4300.39990234375,4302.39990234375,4286.39990234375,4292.39990234375,5179.0,101.27799987792969,101.27799987792969,101.3030014038086,101.19999694824219,101.23300170898438,0.0,16.030000686645508,16.030000686645508,16.219999313354492,16.020000457763672,16.09000015258789,0.0,,,,,,
2026-09-24 12:00:00+00:00,4302.60009765625,4302.60009765625,4305.39990234375,4295.0,4300.2001953125,1418.0,101.29199981689453,101.29199981689453,101.30999755859375,101.2760009765625,101.28099822998047,0.0,16.049999237060547,16.049999237060547,16.139999389648438,16.040000915527344,16.040000915527344,0.0,,,,,,
